t,kalman_gain
0,0.3566755
1,0.2940407
2,0.3039518
3,0.242843
4,0.231533
5,0.25223
6,0.223271
7,0.1938853
8,0.09705285
9,0.0826398
10,0.0976583
11,0.09429752
12,0.1584175
13,0.214732
14,0.3040737
15,1.215564
16,1.005218
17,0.5592322
18,0.3525435
19,0.1060842
20,0.2005081
21,0.3262575
22,0.07965225
23,0.1247304
24,0.306761
25,0.09881836
26,0.1656339
27,0.0739136
28,0.06705552
29,0.06831783
30,0.05929933
31,0.1385738
32,0.07736375
33,0.08650311
34,0.2089731
35,0.06522992
36,0.1247496
37,0.07582867
38,0.05668607
39,0.0761475
40,0.08427352
41,0.05805415
42,0.07746436
43,0.07356394
44,0.1755604
45,0.06487986
46,0.1232027
47,0.06262422
48,0.05534795
49,0.06657585
50,0.07134102
51,0.08289165
52,0.06072571
53,0.0699098
54,0.1736704
55,0.06474332
56,0.1039376
57,0.05687487
58,0.05113569
59,0.07117274
60,0.07703929
61,0.07354938
62,0.06994337
63,0.06387242
64,0.1506787
65,0.06233867
66,0.09726898
67,0.05960244
68,0.05442335
69,0.0674023
70,0.07398684
71,0.07283463
72,0.08041301
73,0.07050259
74,0.1467836
75,0.060613
76,0.08941881
77,0.05964043
78,0.05262951
79,0.06622481
80,0.07653782
81,0.08727541
82,0.1078698
83,0.07181057
84,0.1709118
85,0.0554466
86,0.08899331
87,0.06198117
88,0.05429451
89,0.06773648
90,0.0704586
91,0.09411742
92,0.09686702
93,0.07032757
94,0.146568
95,0.05458365
96,0.08877493
97,0.06934492
98,0.06267937
99,0.06996684
100,0.07389395
101,0.07632573
102,0.08547661
103,0.07471543
104,0.1292254
105,0.05425607
106,0.09822071
107,0.07938139
108,0.07160915
109,0.0766171
110,0.07932752
111,0.0756147
112,0.0865654
113,0.07221514
114,0.1329241
115,0.06599969
116,0.1030924
117,0.08060205
118,0.07548569
119,0.06225132
120,0.07437534
121,0.1017197
122,0.1104754
123,0.09583765
124,0.1375835
125,0.06659003
126,0.1076989
127,0.08601952
128,0.07613897
129,0.06409665
130,0.08683665
131,0.1143642
132,0.1296253
133,0.09579135
134,0.1074254
135,0.06862419
136,0.09739889
137,0.09455702
138,0.08512656
139,0.06531897
140,0.08451756
141,0.1089796
142,0.1244378
143,0.1065003
144,0.1095111
145,0.081805
146,0.1053573
147,0.1068766
148,0.08181394
149,0.07143938
150,0.08516961
151,0.09245566
152,0.1002585
153,0.09581038
154,0.09503001
155,0.07637586
156,0.09453681
157,0.09159589
158,0.08183488
159,0.07249983
160,0.1105337
161,0.1121693
162,0.1341686
163,0.1130125
164,0.1126367
165,0.08088733
166,0.08908483
167,0.09661982
168,0.08600969
169,0.09101984
170,0.1294665
171,0.1112587
172,0.1359374
173,0.1167292
174,0.1195992
175,0.08112779
176,0.09119346
177,0.1038871
178,0.09859433
179,0.1163005
180,0.1865517
181,0.1250378
182,0.1375964
183,0.1024766
184,0.1310341
185,0.08014226
186,0.1110732
187,0.1082788
188,0.0934994
189,0.08154622
190,0.1143072
191,0.1027586
192,0.113231
193,0.0799147
194,0.1105744
195,0.06466262
196,0.1014922
197,0.1045838
198,0.09767739
199,0.07770535
200,0.1253163
201,0.09486875
202,0.1245467
203,0.08268586
204,0.130033
205,0.06460168
206,0.1205988
207,0.1189979
208,0.1088122
209,0.07506639
210,0.1039562
211,0.08376086
212,0.1160807
213,0.0820451
214,0.1298813
215,0.06587774
216,0.1135915
217,0.1204724
218,0.1067303
219,0.07199939
220,0.09613609
221,0.07702907
222,0.1043408
223,0.08454294
224,0.1219619
225,0.06453932
226,0.1179943
227,0.1045747
228,0.09413038
229,0.08030488
230,0.1089341
231,0.08244365
232,0.106752
233,0.0774767
234,0.1135181
235,0.07065342
236,0.1211619
237,0.1042598
238,0.09862171
239,0.06817249
240,0.09518521
241,0.0787605
242,0.0972697
243,0.07885855
244,0.1261395
245,0.08298543
246,0.1319123
247,0.1087
248,0.09898733
249,0.0632323
250,0.08317532
251,0.08485592
252,0.1011468
253,0.08017542
254,0.1195533
255,0.07014164
256,0.1154084
257,0.1044951
258,0.09197679
259,0.06597944
260,0.07918756
261,0.08117459
262,0.08599368
263,0.08260228
264,0.1112248
265,0.07901616
266,0.1104642
267,0.09325884
268,0.08518519
269,0.0646763
270,0.07870504
271,0.08331993
272,0.09129939
273,0.08202154
274,0.1101364
275,0.09641251
276,0.1199616
277,0.09530782
278,0.08935437
279,0.06365246
280,0.07947373
281,0.09543874
282,0.09612212
283,0.07792836
284,0.1188298
285,0.08196411
286,0.1025659
287,0.09089217
288,0.08211704
289,0.06642018
290,0.07872415
291,0.09956057
292,0.09458819
293,0.08206786
294,0.1194978
295,0.08580697
296,0.09992538
297,0.08584515
298,0.07845681
299,0.06666669
300,0.07838359
301,0.08757052
302,0.09642502
303,0.07840295
304,0.1218081
305,0.09547989
306,0.09179226
307,0.08368199
308,0.07811794
309,0.06899989
310,0.07977694
311,0.0877216
312,0.09883563
313,0.07891629
314,0.1226139
315,0.09480168
316,0.0878958
317,0.08116504
318,0.0767505
319,0.07664607
320,0.08320942
321,0.09327418
322,0.104453
323,0.09205218
324,0.1422742
325,0.09926044
326,0.0798039
327,0.07886884
328,0.07145156
329,0.08320092
330,0.08930545
331,0.09977666
332,0.1133726
333,0.09707039
334,0.154538
335,0.1008769
336,0.07770967
337,0.07445201
338,0.0683721
339,0.08023862
340,0.08562673
341,0.1049033
342,0.1094067
343,0.09655761
344,0.1784187
345,0.1010979
346,0.07856882
347,0.07870545
348,0.07339566
349,0.06642663
350,0.07494483
351,0.09138536
352,0.09986099
353,0.09343619
354,0.1731104
355,0.09150637
356,0.0777054
357,0.07843823
358,0.07185749
359,0.0659484
360,0.07418692
361,0.09794613
362,0.09981252
363,0.09373248
364,0.2047059
365,0.0868982
366,0.07402667
367,0.08159474
368,0.07688435
369,0.06603231
370,0.07445029
371,0.09345479
372,0.1006483
373,0.0917086
374,0.2447181
375,0.0816236
376,0.07018639
377,0.07391841
378,0.06728489
379,0.06515761
380,0.07558395
381,0.08587392
382,0.09277724
383,0.09662535
384,0.2149249
385,0.09936997
386,0.07359237
387,0.06193777
388,0.05855549
389,0.07012576
390,0.07660024
391,0.09832304
392,0.09188931
393,0.104544
394,0.2178184
395,0.1038563
396,0.08426325
397,0.066125
398,0.06176766
399,0.06624559
400,0.07594214
401,0.09154009
402,0.09400689
403,0.1057801
404,0.1861495
405,0.092503
406,0.07674742
407,0.0652409
408,0.06129708
409,0.06633254
410,0.07653943
411,0.08304048
412,0.09107482
413,0.1095227
414,0.1530691
415,0.09703427
416,0.08178627
417,0.07116094
418,0.06747106
419,0.06419615
420,0.07428678
421,0.08445422
422,0.08853289
423,0.1122853
424,0.1358137
425,0.09594072
426,0.08284677
427,0.07045805
428,0.06263737
429,0.0663905
430,0.07381958
431,0.0861204
432,0.08753391
433,0.129636
434,0.1197847
435,0.1020089
436,0.08729994
437,0.0679351
438,0.06363549
439,0.06572267
440,0.07516045
441,0.08286132
442,0.09113214
443,0.1366
444,0.1175265
445,0.1028699
446,0.08392543
447,0.06098413
448,0.05747999
449,0.07049837
450,0.07918286
451,0.08839336
452,0.09083482
453,0.1399546
454,0.1077299
455,0.1030922
456,0.0792377
457,0.05985856
458,0.05592979
459,0.07117804
460,0.07817179
461,0.09513692
462,0.1017249
463,0.1498932
464,0.1008934
465,0.09723472
466,0.07836501
467,0.05929297
468,0.05641778
469,0.06788816
470,0.07570625
471,0.09805581
472,0.1087339
473,0.1635112
474,0.1058171
475,0.1046154
476,0.08783003
477,0.06470545
478,0.06043173
479,0.06433323
480,0.07462502
481,0.09032875
482,0.1090444
483,0.164693
484,0.09442913
485,0.09475176
486,0.07502788
487,0.05788636
488,0.05499395
489,0.06674698
490,0.07383725
491,0.08909006
492,0.1125061
493,0.1594967
494,0.08859927
495,0.09476619
496,0.06935632
497,0.05590972
498,0.05301305
499,0.07280756
500,0.08403403
501,0.09198946
502,0.1154436
503,0.1962416
504,0.09613974
505,0.1101008
506,0.09452116
507,0.07223358
508,0.0680422
509,0.0574295
510,0.07139819
511,0.09418246
512,0.123686
513,0.154697
514,0.09303458
515,0.1046751
516,0.09555006
517,0.07372966
518,0.06809549
519,0.05754502
520,0.07053363
521,0.08519812
522,0.1156245
523,0.1381837
524,0.08509107
525,0.1011921
526,0.0887304
527,0.07273196
528,0.06991445
529,0.06132424
530,0.07389644
531,0.08012781
532,0.1119267
533,0.07989179
534,0.07768526
535,0.09337262
536,0.0792225
537,0.06457932
538,0.06118822
539,0.06457543
540,0.07745183
541,0.08397534
542,0.120281
543,0.1046127
544,0.07660156
545,0.09735844
546,0.08156682
547,0.06355305
548,0.0587944
549,0.06768475
550,0.08288517
551,0.09115583
552,0.1329876
553,0.1256207
554,0.07832776
555,0.1021215
556,0.08112884
557,0.0596204
558,0.05670259
559,0.07058849
560,0.08656271
561,0.08933458
562,0.1320768
563,0.115821
564,0.06793458
565,0.08912923
566,0.07357575
567,0.05886637
568,0.05620129
569,0.06627399
570,0.08401611
571,0.09231274
572,0.1239074
573,0.1203371
574,0.07908046
575,0.09915448
576,0.0772643
577,0.05852372
578,0.05578561
579,0.07245894
580,0.09635437
581,0.1085351
582,0.1419911
583,0.1171373
584,0.07341663
585,0.09477218
586,0.07666719
587,0.06123086
588,0.05837969
589,0.07296824
590,0.086386
591,0.09731056
592,0.1126238
593,0.1128957
594,0.07054064
595,0.09480417
596,0.07750519
597,0.05954482
598,0.05663394
599,0.06894555
600,0.08745129
601,0.09947466
602,0.1219532
603,0.1098593
604,0.07779194
605,0.1086756
606,0.08796427
607,0.0652298
608,0.06082568
609,0.06515422
610,0.09213249
611,0.1076199
612,0.1176124
613,0.1086378
614,0.07892366
615,0.1078101
616,0.09716341
617,0.06817318
618,0.06587145
619,0.06750688
620,0.09236787
621,0.1075567
622,0.09949432
623,0.0973294
624,0.07212533
625,0.1001113
626,0.08508623
627,0.06609463
628,0.06290662
629,0.06684212
630,0.09288912
631,0.1124777
632,0.1022145
633,0.09242675
634,0.07115192
635,0.09753156
636,0.08039308
637,0.06116443
638,0.0580745
639,0.07318424
640,0.09955962
641,0.1193971
642,0.103115
643,0.09389269
644,0.066961
645,0.09096792
646,0.07099842
647,0.06083463
648,0.057591
649,0.07807273
650,0.1076344
651,0.1261017
652,0.1049712
653,0.09467011
654,0.06816
655,0.09207702
656,0.07625943
657,0.06144067
658,0.05853803
659,0.07510387
660,0.1048132
661,0.1248024
662,0.09277357
663,0.091981
664,0.06712379
665,0.09143375
666,0.07545882
667,0.0612983
668,0.05830599
669,0.07702961
670,0.11096
671,0.1311959
672,0.09575561
673,0.09313712
674,0.06960553
675,0.09296015
676,0.07214195
677,0.06375999
678,0.06030265
679,0.08120729
680,0.1130927
681,0.1289433
682,0.09485047
683,0.09343889
684,0.07268611
685,0.0962057
686,0.07356743
687,0.06482297
688,0.06161417
689,0.08528399
690,0.1175674
691,0.1295882
692,0.09317833
693,0.09056013
694,0.07299368
695,0.09282676
696,0.07382894
697,0.06513393
698,0.06171763
699,0.08239434
700,0.1185286
701,0.1220709
702,0.08726984
703,0.08561911
704,0.0699764
705,0.08945557
706,0.07301512
707,0.06694809
708,0.06417141
709,0.08387162
710,0.1180211
711,0.116715
712,0.08159948
713,0.08137609
714,0.06653628
715,0.08511867
716,0.07382989
717,0.06431599
718,0.061264
719,0.07695248
720,0.1124491
721,0.09723414
722,0.07655509
723,0.07881992
724,0.06968323
725,0.08924283
726,0.0751646
727,0.06469786
728,0.06150175
729,0.07680071
730,0.1134866
731,0.08427035
732,0.07390754
733,0.07531734
734,0.06474197
735,0.08235316
736,0.07277445
737,0.06840271
738,0.06502721
739,0.08704805
740,0.1185581
741,0.09189223
742,0.0736305
743,0.07897549
744,0.06673098
745,0.08285646
746,0.07171483
747,0.0694561
748,0.06604201
749,0.0882318
750,0.1225642
751,0.09445444
752,0.07366332
753,0.07976957
754,0.06904756
755,0.0842833
756,0.07342324
757,0.07001004
758,0.06679642
759,0.09002195
760,0.1157149
761,0.0856128
762,0.06978242
763,0.07401843
764,0.06583826
765,0.07942839
766,0.07030656
767,0.07039858
768,0.06659639
769,0.09157954
770,0.111688
771,0.08577381
772,0.06991838
773,0.07471199
774,0.06760718
775,0.07956581
776,0.07114217
777,0.07166056
778,0.06820359
779,0.09746564
780,0.1151706
781,0.09266764
782,0.07610255
783,0.0827858
784,0.07334945
785,0.08507488
786,0.07603681
787,0.06979369
788,0.06622548
789,0.09960554
790,0.1144873
791,0.08615015
792,0.07306331
793,0.07908195
794,0.07098163
795,0.08141994
796,0.07359204
797,0.07098561
798,0.06751126
799,0.1002113
800,0.1037281
801,0.07912228
802,0.07101275
803,0.07680194
804,0.07011498
805,0.07917123
806,0.07196818
807,0.07141308
808,0.06804714
809,0.1042524
810,0.100102
811,0.07925237
812,0.07090121
813,0.07606173
814,0.07064953
815,0.07975107
816,0.07202816
817,0.06974488
818,0.0662719
819,0.1069183
820,0.09732065
821,0.07822356
822,0.07063353
823,0.07568806
824,0.07287783
825,0.08090781
826,0.0726883
827,0.07039186
828,0.06702664
829,0.111785
830,0.09567123
831,0.0802194
832,0.07424004
833,0.07969135
834,0.07450132
835,0.08152621
836,0.07275994
837,0.06941006
838,0.06607088
839,0.1128895
840,0.09158109
841,0.07571085
842,0.07150974
843,0.07630111
844,0.074389
845,0.08009574
846,0.0726392
847,0.07183712
848,0.06815895
849,0.1182336
850,0.08705936
851,0.07344695
852,0.06931707
853,0.07376231
854,0.07280383
855,0.07668169
856,0.07156798
857,0.07189194
858,0.06855918
859,0.1187263
860,0.08504707
861,0.07166562
862,0.06940657
863,0.07397334
864,0.07291895
865,0.075699
866,0.07066887
867,0.07535917
868,0.07170468
869,0.1275957
870,0.08507617
871,0.07214757
872,0.06992779
873,0.07356709
874,0.07432938
875,0.07569243
876,0.07229614
877,0.07764219
878,0.07360592
879,0.1209486
880,0.08099125
881,0.0707053
882,0.06880371
883,0.07273752
884,0.07443802
885,0.0750946
886,0.07241937
887,0.07807826
888,0.07402127
889,0.1210007
890,0.0813058
891,0.07413448
892,0.07279995
893,0.07581443
894,0.07566687
895,0.07550064
896,0.0720378
897,0.07744231
898,0.07414532
899,0.1157784
900,0.08244134
901,0.07355558
902,0.07308579
903,0.07596716
904,0.07695568
905,0.07577743
906,0.07309956
907,0.07796047
908,0.07374466
909,0.1072921
910,0.07867856
911,0.07050989
912,0.07131283
913,0.07381352
914,0.07674763
915,0.07476257
916,0.07224844
917,0.07791088
918,0.07379794
919,0.1000658
920,0.07626083
921,0.06983452
922,0.07121582
923,0.07328294
924,0.07669232
925,0.07381804
926,0.07188816
927,0.07813489
928,0.07443506
929,0.09516957
930,0.07689476
931,0.07150101
932,0.07312328
933,0.07442421
934,0.07793064
935,0.07407536
936,0.07238389
937,0.07976014
938,0.07587609
939,0.09226793
940,0.07575781
941,0.07083825
942,0.07258917
943,0.0734475
944,0.07799716
945,0.07330389
946,0.07213484
947,0.08033276
948,0.07619861
949,0.08535822
950,0.07592533
951,0.07148941
952,0.07383788
953,0.07416727
954,0.07872064
955,0.07310178
956,0.07256456
957,0.08224417
958,0.07816163
959,0.08264989
960,0.07485692
961,0.0711923
962,0.07354359
963,0.07321357
964,0.0790556
965,0.07259779
966,0.0730949
967,0.08444462
968,0.08027657
969,0.08085964
970,0.07594635
971,0.07190808
972,0.07415509
973,0.07299608
974,0.07855074
975,0.0719376
976,0.07229514
977,0.08428857
978,0.08034208
979,0.07732882
980,0.07668411
981,0.07297724
982,0.07547705
983,0.0742717
984,0.08052466
985,0.07262674
986,0.07395912
987,0.08760412
988,0.08277249
989,0.07654445
990,0.07585479
991,0.07230681
992,0.07449263
993,0.07257728
994,0.07832573
995,0.07022512
996,0.07210971
997,0.08539683
998,0.08131383
999,0.07218417
1000,0.07549591
1001,0.07331865
1002,0.07632437
1003,0.07388197
1004,0.08114047
1005,0.07234132
1006,0.07409692
1007,0.08955052
1008,0.08472237
1009,0.07069454
1010,0.07550239
1011,0.07388044
1012,0.07783209
1013,0.07464235
1014,0.08363996
1015,0.07439455
1016,0.0763646
1017,0.09426884
1018,0.08829722
1019,0.07043451
1020,0.07502967
1021,0.07299108
1022,0.07731391
1023,0.07490281
1024,0.08298899
1025,0.0731487
1026,0.0748809
1027,0.09109231
1028,0.08550958
1029,0.06793248
1030,0.07610694
1031,0.07428402
1032,0.07849458
1033,0.07394273
1034,0.08489146
1035,0.07530097
1036,0.07716863
1037,0.09593651
1038,0.08954161
1039,0.0690935
1040,0.07632043
1041,0.07278539
1042,0.07593836
1043,0.07157726
1044,0.08290947
1045,0.07345512
1046,0.07608999
1047,0.09700221
1048,0.09074706
1049,0.06782032
1050,0.07605559
1051,0.07269531
1052,0.0751213
1053,0.0710234
1054,0.08151443
1055,0.07186192
1056,0.07507521
1057,0.0950813
1058,0.09080684
1059,0.06602655
1060,0.07601006
1061,0.07386957
1062,0.07852903
1063,0.07393738
1064,0.08481006
1065,0.07479656
1066,0.07861846
1067,0.09846548
1068,0.09254595
1069,0.06519036
1070,0.07705158
1071,0.07540532
1072,0.07993691
1073,0.07548598
1074,0.0873456
1075,0.0766019
1076,0.07928111
1077,0.09788188
1078,0.09419932
1079,0.06493376
1080,0.07682318
1081,0.07614889
1082,0.08285977
1083,0.07704221
1084,0.09085862
1085,0.07727581
1086,0.08215555
1087,0.1005768
1088,0.09582283
1089,0.06570223
1090,0.07630072
1091,0.07376038
1092,0.07882212
1093,0.0740564
1094,0.08825564
1095,0.0767784
1096,0.07859673
1097,0.09668576
1098,0.09040287
1099,0.06330953
1100,0.07636473
1101,0.07547926
1102,0.08242539
1103,0.07684752
1104,0.09063511
1105,0.08013216
1106,0.08325542
1107,0.09121909
1108,0.08436549
1109,0.0615047
1110,0.08346849
1111,0.08330609
1112,0.08931375
1113,0.08137177
1114,0.0944981
1115,0.08483005
1116,0.08987758
1117,0.09601548
1118,0.08839358
1119,0.06497081
1120,0.07523165
1121,0.07691786
1122,0.08529225
1123,0.07759606
1124,0.09125782
1125,0.08438195
1126,0.08859153
1127,0.08486743
1128,0.07975207
1129,0.06046582
1130,0.07790248
1131,0.08056723
1132,0.09043575
1133,0.08126161
1134,0.09526899
1135,0.08595873
1136,0.09202098
1137,0.089344
1138,0.08537433
1139,0.06420098
1140,0.07668672
1141,0.07429659
1142,0.08104461
1143,0.07484327
1144,0.0940856
1145,0.0849608
1146,0.09162498
1147,0.08763148
1148,0.0825253
1149,0.06323018
1150,0.07621086
1151,0.07401092
1152,0.07924654
1153,0.07256308
1154,0.08950532
1155,0.08554298
1156,0.08658189
1157,0.07680093
1158,0.07367175
1159,0.06090307
1160,0.07685755
1161,0.07414445
1162,0.07840197
1163,0.07101102
1164,0.09048421
1165,0.08808907
1166,0.08432603
1167,0.0766205
1168,0.07216875
1169,0.06074968
1170,0.07827112
1171,0.07690344
1172,0.08350798
1173,0.07514442
1174,0.0970839
1175,0.09584278
1176,0.09101997
1177,0.07824177
1178,0.07336698
1179,0.0618571
1180,0.07710166
1181,0.07559741
1182,0.08120542
1183,0.0751269
1184,0.0985906
1185,0.09883119
1186,0.09152973
1187,0.07409814
1188,0.07025615
1189,0.0610553
1190,0.07867024
1191,0.07781366
1192,0.08550822
1193,0.07794682
1194,0.1016696
1195,0.09672782
1196,0.09358486
1197,0.07200243
1198,0.0680356
1199,0.06118927
1200,0.07868423
1201,0.07787321
1202,0.08483283
1203,0.07705341
1204,0.1040396
1205,0.09002272
1206,0.08931489
1207,0.06938417
1208,0.06565949
1209,0.06049177
1210,0.07737723
1211,0.0739334
1212,0.07863527
1213,0.07378595
1214,0.1020651
1215,0.09468956
1216,0.08692099
1217,0.06776605
1218,0.06407209
1219,0.06080888
1220,0.07656172
1221,0.07318914
1222,0.07841584
1223,0.07403699
1224,0.1045626
1225,0.08525427
1226,0.08130879
1227,0.06474636
1228,0.06188544
1229,0.06003217
1230,0.07679075
1231,0.07342779
1232,0.0781984
1233,0.07424811
1234,0.1108686
1235,0.08907699
1236,0.07909749
1237,0.0619546
1238,0.05950341
1239,0.05959536
1240,0.0778942
1241,0.0741897
1242,0.0792146
1243,0.07509794
1244,0.1120789
1245,0.09078781
1246,0.07442342
1247,0.0634638
1248,0.0605724
1249,0.06028507
1250,0.07717512
1251,0.07534926
1252,0.0837649
1253,0.07983876
1254,0.1283622
1255,0.09931249
1256,0.07353123
1257,0.06816309
1258,0.06455689
1259,0.05989845
1260,0.07597592
1261,0.07261571
1262,0.08116157
1263,0.07841218
1264,0.1282069
1265,0.1012839
1266,0.06873546
1267,0.06246689
1268,0.05990838
1269,0.05936002
1270,0.07906966
1271,0.07768605
1272,0.08788306
1273,0.08399167
1274,0.1359394
1275,0.1034442
1276,0.07293314
1277,0.0695741
1278,0.06608126
1279,0.05984461
1280,0.07638337
1281,0.07435916
1282,0.08674982
1283,0.08584477
1284,0.1666657
1285,0.1058306
1286,0.07131138
1287,0.07214524
1288,0.0673636
1289,0.0602681
1290,0.07717582
1291,0.0785972
1292,0.09159424
1293,0.09040963
1294,0.1896897
1295,0.1013587
1296,0.06695369
1297,0.06531607
1298,0.06185138
1299,0.06118345
1300,0.0822936
1301,0.08089181
1302,0.09219742
1303,0.0930557
1304,0.1964893
1305,0.09388997
1306,0.06684068
1307,0.0667974
1308,0.06421056
1309,0.06230661
1310,0.0795529
1311,0.07795753
1312,0.09125433
1313,0.0939644
1314,0.1930399
1315,0.08620463
1316,0.0561683
1317,0.05716617
1318,0.05489888
1319,0.06286248
1320,0.08439827
1321,0.08173338
1322,0.09039341
1323,0.09585431
1324,0.1608531
1325,0.08272278
1326,0.05313103
1327,0.05320104
1328,0.05097922
1329,0.06387002
1330,0.0842309
1331,0.08131196
1332,0.09362686
1333,0.09927326
1334,0.1695714
1335,0.07679354
1336,0.05344438
1337,0.05837773
1338,0.05591486
1339,0.06122911
1340,0.08168868
1341,0.0788103
1342,0.09186296
1343,0.09993431
1344,0.1556783
1345,0.07400971
1346,0.05041942
1347,0.05542523
1348,0.05335121
1349,0.06144942
1350,0.0821394
1351,0.07999575
1352,0.09310386
1353,0.1037404
1354,0.1405567
1355,0.07445333
1356,0.05218297
1357,0.05817464
1358,0.05567864
1359,0.06121352
1360,0.08526504
1361,0.08258934
1362,0.1000966
1363,0.1122948
1364,0.1348984
1365,0.06977735
1366,0.05043695
1367,0.05594361
1368,0.05379962
1369,0.06221972
1370,0.08260065
1371,0.08118825
1372,0.09791888
1373,0.1156871
1374,0.1197531
1375,0.07138515
1376,0.05442734
1377,0.05973357
1378,0.05685112
1379,0.05986497
1380,0.07982855
1381,0.07899413
1382,0.09498166
1383,0.1187467
1384,0.1119162
1385,0.07166009
1386,0.05318801
1387,0.05647328
1388,0.05445961
1389,0.06160529
1390,0.08475271
1391,0.08238646
1392,0.100269
1393,0.1299303
1394,0.1058587
1395,0.08050152
1396,0.0587925
1397,0.06017027
1398,0.05778578
1399,0.06229746
1400,0.08437257
1401,0.08225188
1402,0.104353
1403,0.1399631
1404,0.1001728
1405,0.08181155
1406,0.05735342
1407,0.05596199
1408,0.05419747
1409,0.06611994
1410,0.08742696
1411,0.08686057
1412,0.1108322
1413,0.1596577
1414,0.1004814
1415,0.08526011
1416,0.06504224
1417,0.06300855
1418,0.06058773
1419,0.06071784
1420,0.0832853
1421,0.08476535
1422,0.1114372
1423,0.1650144
1424,0.09518009
1425,0.08597178
1426,0.06371199
1427,0.06140125
1428,0.05968798
1429,0.0578932
1430,0.08176436
1431,0.08278284
1432,0.1134471
1433,0.1694681
1434,0.09576453
1435,0.08653469
1436,0.07082367
1437,0.07143948
1438,0.06653937
1439,0.0549013
1440,0.07327278
1441,0.07658037
1442,0.1075566
1443,0.1661749
1444,0.08767384
1445,0.08238167
1446,0.06550948
1447,0.06506789
1448,0.06238383
1449,0.05287061
1450,0.07430632
1451,0.0752829
1452,0.1095577
1453,0.1608666
1454,0.08421149
1455,0.07930759
1456,0.06769004
1457,0.07188081
1458,0.06834795
1459,0.05397388
1460,0.0700423
1461,0.07444752
1462,0.1121702
1463,0.1418263
1464,0.08024751
1465,0.07933256
1466,0.06801618
1467,0.0709089
1468,0.06696959
1469,0.05425898
1470,0.07201419
1471,0.07801159
1472,0.1169783
1473,0.164628
1474,0.0785846
1475,0.07920393
1476,0.06655574
1477,0.0696993
1478,0.06514203
1479,0.05655541
1480,0.07789471
1481,0.08372564
1482,0.1303523
1483,0.138699
1484,0.0740282
1485,0.07704327
1486,0.06405985
1487,0.06564459
1488,0.06282294
1489,0.0578363
1490,0.07868161
1491,0.08389942
1492,0.1370511
1493,0.1324152
1494,0.07188041
1495,0.07597
1496,0.0606159
1497,0.06022215
1498,0.05786324
1499,0.06026418
1500,0.0837063
1501,0.0891976
1502,0.150718
1503,0.1325323
1504,0.06757294
1505,0.07233644
1506,0.05836064
1507,0.05797743
1508,0.0557541
1509,0.05965845
1510,0.08371271
1511,0.09030833
1512,0.1515616
1513,0.1200651
1514,0.06478168
1515,0.07015809
1516,0.05811815
1517,0.05866235
1518,0.05606201
1519,0.05965284
1520,0.08612555
1521,0.09494422
1522,0.1472287
1523,0.1138931
1524,0.07092879
1525,0.07752073
1526,0.06309824
1527,0.06110069
1528,0.05850172
1529,0.0615948
1530,0.08700326
1531,0.09854285
1532,0.1497781
1533,0.1070755
1534,0.06490562
1535,0.07122146
1536,0.06047963
1537,0.06068282
1538,0.05811019
1539,0.0602412
1540,0.08654004
1541,0.1011223
1542,0.1375337
1543,0.1016188
1544,0.06397655
1545,0.07033701
1546,0.05929093
1547,0.06003947
1548,0.05771669
1549,0.06597704
1550,0.09294725
1551,0.1088566
1552,0.134709
1553,0.09895412
1554,0.06890083
1555,0.07612647
1556,0.0640922
1557,0.06269842
1558,0.05995451
1559,0.06568215
1560,0.09346254
1561,0.1134828
1562,0.1396904
1563,0.0952818
1564,0.06846374
1565,0.07598311
1566,0.06347268
1567,0.06198402
1568,0.05922542
1569,0.06730657
1570,0.09480792
1571,0.1180636
1572,0.1147321
1573,0.08828607
1574,0.068769
1575,0.07625374
1576,0.06552731
1577,0.06296475
1578,0.06027006
1579,0.0656627
1580,0.09485026
1581,0.1228404
1582,0.1133032
1583,0.09704974
1584,0.08130623
1585,0.08738184
1586,0.06976862
1587,0.06381937
1588,0.0611008
1589,0.07046548
1590,0.1021866
1591,0.1346572
1592,0.1051923
1593,0.09055619
1594,0.07283192
1595,0.079275
1596,0.0667816
1597,0.06356505
1598,0.06069351
1599,0.07068484
1600,0.1043231
1601,0.1389418
1602,0.1046116
1603,0.09202712
1604,0.07328671
1605,0.07854816
1606,0.06526571
1607,0.06247355
1608,0.05965748
1609,0.07308045
1610,0.1083569
1611,0.1395876
1612,0.09537096
1613,0.08217755
1614,0.06834694
1615,0.07512911
1616,0.06543048
1617,0.0635515
1618,0.06084873
1619,0.07209764
1620,0.1034281
1621,0.1337267
1622,0.0897872
1623,0.07996806
1624,0.06904522
1625,0.07402997
1626,0.06325021
1627,0.06151853
1628,0.05888506
1629,0.07058742
1630,0.105513
1631,0.1269518
1632,0.09241445
1633,0.07848708
1634,0.0695359
1635,0.07650915
1636,0.06577791
1637,0.06310029
1638,0.0604974
1639,0.07329989
1640,0.1071552
1641,0.1247888
1642,0.0914907
1643,0.07796497
1644,0.07261706
1645,0.07985243
1646,0.06905249
1647,0.064986
1648,0.06201951
1649,0.07390276
1650,0.1097294
1651,0.1206143
1652,0.0865472
1653,0.07975875
1654,0.0719858
1655,0.07716015
1656,0.06652806
1657,0.06460341
1658,0.06166073
1659,0.07853535
1660,0.1153823
1661,0.1196062
1662,0.08425579
1663,0.07777916
1664,0.06984603
1665,0.07485527
1666,0.06635004
1667,0.06603198
1668,0.06318791
1669,0.08199382
1670,0.1168966
1671,0.11558
1672,0.08111153
1673,0.07820398
1674,0.06887573
1675,0.07270058
1676,0.06581002
1677,0.06679615
1678,0.06356724
1679,0.0820682
1680,0.1185694
1681,0.1059841
1682,0.08166616
1683,0.07908548
1684,0.07268532
1685,0.07805654
1686,0.06819392
1687,0.06690669
1688,0.06340559
1689,0.08370804
1690,0.1194818
1691,0.1072703
1692,0.0821695
1693,0.07883785
1694,0.07445636
1695,0.08044136
1696,0.07086325
1697,0.0680943
1698,0.06515814
1699,0.08994956
1700,0.1194339
1701,0.1020264
1702,0.083053
1703,0.07930636
1704,0.07627637
1705,0.07984661
1706,0.07131559
1707,0.06775292
1708,0.06469473
1709,0.08915728
1710,0.1131652
1711,0.09523197
1712,0.07893141
1713,0.0762057
1714,0.07388543
1715,0.07861249
1716,0.07011567
1717,0.06717739
1718,0.06398411
1719,0.09030312
1720,0.1083005
1721,0.09187786
1722,0.07821912
1723,0.07642073
1724,0.07290649
1725,0.07693016
1726,0.06914303
1727,0.06747836
1728,0.06461702
1729,0.09388827
1730,0.1105742
1731,0.08734967
1732,0.07965886
1733,0.07831583
1734,0.07701428
1735,0.07940456
1736,0.07138168
1737,0.06943968
1738,0.06638523
1739,0.1005464
1740,0.1133785
1741,0.0909635
1742,0.08172315
1743,0.08016979
1744,0.07574043
1745,0.07804173
1746,0.07159308
1747,0.07097858
1748,0.06735995
1749,0.1045812
1750,0.1021715
1751,0.08370438
1752,0.07598963
1753,0.07476489
1754,0.07340182
1755,0.07545882
1756,0.07002201
1757,0.06981321
1758,0.06692422
1759,0.1072613
1760,0.09714548
1761,0.07995148
1762,0.0735589
1763,0.07189734
1764,0.06931765
1765,0.07080013
1766,0.06668651
1767,0.06774764
1768,0.06474433
1769,0.1071276
1770,0.09413107
1771,0.07813599
1772,0.07224175
1773,0.07210141
1774,0.07151295
1775,0.07340317
1776,0.06884251
1777,0.06844126
1778,0.06521405
1779,0.1095588
1780,0.08870166
1781,0.07651426
1782,0.07317077
1783,0.0731217
1784,0.07245443
1785,0.07334398
1786,0.06891606
1787,0.06979514
1788,0.06662119
1789,0.1168527
1790,0.09156373
1791,0.07806617
1792,0.07574981
1793,0.07568908
1794,0.07589749
1795,0.07604469
1796,0.07159836
1797,0.07313031
1798,0.06978191
1799,0.1238512
1800,0.08824773
1801,0.0783738
1802,0.0769499
1803,0.07640395
1804,0.0755369
1805,0.07519244
1806,0.07120939
1807,0.07325211
1808,0.06969844
1809,0.1266556
1810,0.08852667
1811,0.07768127
1812,0.07621736
1813,0.07557644
1814,0.07593296
1815,0.07511596
1816,0.0713283
1817,0.07226267
1818,0.06883711
1819,0.118986
1820,0.08312252
1821,0.07529268
1822,0.07466652
1823,0.07475936
1824,0.07615557
1825,0.07504012
1826,0.07168001
1827,0.07322869
1828,0.069724
1829,0.1150551
1830,0.08193406
1831,0.07458358
1832,0.07446462
1833,0.07492377
1834,0.07710495
1835,0.07545751
1836,0.07224967
1837,0.07457289
1838,0.07105643
1839,0.1117281
1840,0.08141833
1841,0.07336406
1842,0.07300192
1843,0.07344596
1844,0.07661716
1845,0.07475419
1846,0.07271081
1847,0.07549615
1848,0.07192926
1849,0.1050878
1850,0.07976785
1851,0.0724427
1852,0.07270066
1853,0.07321905
1854,0.07689783
1855,0.07484127
1856,0.07368619
1857,0.07725704
1858,0.07361837
1859,0.09918718
1860,0.07926097
1861,0.07266854
1862,0.07297862
1863,0.07344861
1864,0.07736958
1865,0.07501514
1866,0.07371663
1867,0.07756656
1868,0.07390692
1869,0.09466398
1870,0.07813796
1871,0.07237756
1872,0.07329905
1873,0.07388596
1874,0.07763286
1875,0.07461974
1876,0.07344848
1877,0.07803231
1878,0.07409368
1879,0.09049971
1880,0.07790667
1881,0.0725353
1882,0.07363404
1883,0.07404188
1884,0.07770909
1885,0.07436945
1886,0.0742261
1887,0.08073303
1888,0.07660066
1889,0.08907349
1890,0.0788414
1891,0.07292712
1892,0.07367101
1893,0.07374843
1894,0.07823119
1895,0.07498936
1896,0.0756873
1897,0.08268362
1898,0.07825396
1899,0.08446626
1900,0.07770585
1901,0.07259884
1902,0.07365704
1903,0.07401735
1904,0.07901243
1905,0.07524126
1906,0.0758592
1907,0.08364769
1908,0.07985874
1909,0.08203892
1910,0.07798707
1911,0.07327253
1912,0.07377745
1913,0.07345075
1914,0.07755207
1915,0.07373761
1916,0.07481649
1917,0.08381795
1918,0.07987247
1919,0.07965369
1920,0.07815922
1921,0.07331488
1922,0.07372556
1923,0.07329266
1924,0.07807332
1925,0.0740191
1926,0.0754803
1927,0.08552688
1928,0.08161981
1929,0.07654265
1930,0.07747457
1931,0.07297275
1932,0.07406348
1933,0.07379028
1934,0.0791657
1935,0.07495889
1936,0.07720534
1937,0.08772376
1938,0.08359662
1939,0.07546459
1940,0.0769702
1941,0.07280019
1942,0.07504481
1943,0.07530925
1944,0.08317558
1945,0.07971719
1946,0.08174817
1947,0.09335846
1948,0.08798291
1949,0.07352322
1950,0.07542072
1951,0.07346518
1952,0.07773071
1953,0.07830194
1954,0.08492571
1955,0.07977335
1956,0.08141419
1957,0.09302964
1958,0.08829167
1959,0.07126626
1960,0.07368423
1961,0.07199109
1962,0.0756322
1963,0.0750461
1964,0.08061466
1965,0.07516834
1966,0.07712796
1967,0.08867525
1968,0.08545467
1969,0.0693661
1970,0.07668299
1971,0.07487505
1972,0.07839021
1973,0.07846674
1974,0.08562941
1975,0.0804845
1976,0.08267223
1977,0.09657706
1978,0.08955137
1979,0.06954758
