time,mse_pose,mse_landmarks
0,0.1490987,0
0.01999999,0.1547781,0
0.03858549,0.1590206,0
0.04869566,0.157711,0.8058674
0.06042161,0.1623484,0.8058674
0.06872695,0.1623399,0.8058674
0.07505915,0.1628616,0.8058674
0.08237299,0.1657595,0.8058674
0.08870874,0.1669762,0.8058674
0.0945162,0.1683634,0.8058674
0.1006064,0.1704309,0.8058674
0.106632,0.1722311,0.8058674
0.1136765,0.1293442,0.1818479
0.1208714,0.1295695,0.1818479
0.1268542,0.1294247,0.1818479
0.1326722,0.1295361,0.1818479
0.1387783,0.129772,0.1818479
0.1454005,0.1300914,0.1818479
0.1517464,0.1301753,0.1818479
0.1576015,0.1301792,0.1818479
0.1636727,0.1304062,0.1818479
0.170024,0.1306653,0.1818479
0.1763822,0.130834,0.1818479
0.1820199,0.1484231,0.3122515
0.1894139,0.1502424,0.3122515
0.1952862,0.1499769,0.3122515
0.2015942,0.1509259,0.3122515
0.2074474,0.1512863,0.3122515
0.2136235,0.1521621,0.3122515
0.2195324,0.1526372,0.3122515
0.2254312,0.1532755,0.3122515
0.2315772,0.154111,0.3122515
0.237432,0.1545548,0.3122515
0.2431678,0.155101,0.3122515
0.2493449,0.1750934,0.4369614
0.2560402,0.1766459,0.4369614
0.261633,0.1766884,0.4369614
0.2675824,0.1779917,0.4369614
0.2730992,0.1785644,0.4369614
0.2785841,0.1794686,0.4369614
0.2842219,0.1805581,0.4369614
0.290398,0.1820822,0.4369614
0.2963526,0.1828969,0.4369614
0.3019818,0.1835607,0.4369614
0.3079717,0.1849128,0.4369614
0.3138327,0.1682354,0.3456575
0.3205189,0.1699576,0.3456575
0.3264254,0.169998,0.3456575
0.3322275,0.1706913,0.3456575
0.3380577,0.1715203,0.3456575
0.3438168,0.1722392,0.3456575
0.349503,0.172945,0.3456575
0.3550594,0.1735735,0.3456575
0.3607839,0.1745364,0.3456575
0.3664432,0.1752442,0.3456575
0.372375,0.1763525,0.3456575
0.3781246,0.1769429,0.3456575
0.3838872,0.1805859,0.3463785
0.3907145,0.1827748,0.3463785
0.3965833,0.1826067,0.3463785
0.401998,0.1829251,0.3463785
0.407414,0.1837458,0.3463785
0.4130381,0.1848303,0.3463785
0.4189408,0.1860406,0.3463785
0.4257294,0.1880974,0.3463785
0.4319069,0.1883101,0.3463785
0.4381397,0.1893176,0.3463785
0.44389,0.189608,0.3463785
0.4499243,0.2009122,0.3346656
0.4568181,0.2030932,0.3346656
0.4630668,0.2032467,0.3346656
0.4690344,0.203823,0.3346656
0.4747345,0.2043719,0.3346656
0.4803932,0.2052086,0.3346656
0.4859222,0.2059066,0.3346656
0.4915302,0.2068941,0.3346656
0.4972921,0.208008,0.3346656
0.5028823,0.2086518,0.3346656
0.508806,0.2100416,0.3346656
0.5145957,0.2022319,0.3254859
0.5219643,0.2054942,0.3254859
0.5271802,0.2034496,0.3254859
0.5323112,0.2041523,0.3254859
0.5381199,0.2059859,0.3254859
0.5432411,0.2058662,0.3254859
0.5483817,0.2067084,0.3254859
0.5531735,0.2069899,0.3254859
0.5582705,0.2082193,0.3254859
0.5635924,0.2093767,0.3254859
0.5687159,0.2099082,0.3254859
0.5738346,0.2107111,0.3254859
0.5789229,0.2114723,0.3254859
0.5842847,0.2163091,0.307461
0.5902525,0.2182669,0.307461
0.5951831,0.2176787,0.307461
0.6006398,0.2194368,0.307461
0.6063572,0.220864,0.307461
0.6118221,0.2214905,0.307461
0.6167831,0.2216505,0.307461
0.6215272,0.2221946,0.307461
0.6260954,0.2227659,0.307461
0.6305611,0.2234269,0.307461
0.6350623,0.2243018,0.307461
0.6394948,0.2250053,0.307461
0.6441792,0.226245,0.307461
0.6489705,0.2645315,0.3060314
0.6545799,0.2670097,0.3060314
0.6591679,0.2661311,0.3060314
0.6636649,0.2668372,0.3060314
0.6683022,0.2679697,0.3060314
0.6727693,0.2685282,0.3060314
0.6773742,0.2696516,0.3060314
0.6820893,0.270748,0.3060314
0.6881245,0.274268,0.3060314
0.6925963,0.2722981,0.3060314
0.6970603,0.2731347,0.3060314
0.7015439,0.2740233,0.3060314
0.7060227,0.274866,0.3060314
0.7111709,0.2770759,0.3060314
0.7157552,0.2878326,0.3223524
0.7213618,0.2909139,0.3223524
0.7259724,0.2901193,0.3223524
0.730577,0.2911228,0.3223524
0.735294,0.2923671,0.3223524
0.7397884,0.292945,0.3223524
0.7442697,0.2939053,0.3223524
0.7490034,0.2954153,0.3223524
0.7534525,0.295857,0.3223524
0.75787,0.2967656,0.3223524
0.7624168,0.2980065,0.3223524
0.7670597,0.2992056,0.3223524
0.7714798,0.2997434,0.3223524
0.7761453,0.3012361,0.3223524
0.7807714,0.2583002,0.2678983
0.7865061,0.2612677,0.2678983
0.7909847,0.2597943,0.2678983
0.7955546,0.2607486,0.2678983
0.8000917,0.2614737,0.2678983
0.8046756,0.2623501,0.2678983
0.8091615,0.2629447,0.2678983
0.8136943,0.2638115,0.2678983
0.8185667,0.2652766,0.2678983
0.8230563,0.2653366,0.2678983
0.8275857,0.2661874,0.2678983
0.8323525,0.2674496,0.2678983
0.8366588,0.2673175,0.2678983
0.8411542,0.2684437,0.2678983
0.8457637,0.2694472,0.2678983
0.8503565,0.241829,0.2496456
0.8558472,0.2442419,0.2496456
0.8603643,0.2429906,0.2496456
0.8649592,0.24374,0.2496456
0.8693855,0.2439976,0.2496456
0.8738188,0.2445891,0.2496456
0.8783631,0.2453946,0.2496456
0.8828872,0.2459428,0.2496456
0.8872699,0.2462366,0.2496456
0.8918343,0.2471819,0.2496456
0.8964936,0.2479696,0.2496456
0.9010535,0.2483609,0.2496456
0.9055594,0.2488331,0.2496456
0.9100947,0.2494731,0.2496456
0.9169572,0.2756323,0.240018
0.9224225,0.2733128,0.240018
0.9270978,0.2721917,0.240018
0.9318224,0.2728488,0.240018
0.9363891,0.2730461,0.240018
0.9408109,0.2732515,0.240018
0.9454709,0.2743028,0.240018
0.9501938,0.2749855,0.240018
0.9547325,0.2751104,0.240018
0.9592866,0.2756679,0.240018
0.9638068,0.2761127,0.240018
0.9682584,0.2764717,0.240018
0.9727048,0.2769671,0.240018
0.9774975,0.278279,0.240018
0.9819593,0.2525623,0.2458026
0.9881846,0.2570066,0.2458026
0.9925523,0.2533168,0.2458026
0.9970733,0.25407,0.2458026
1.001884,0.2551512,0.2458026
1.006319,0.2547249,0.2458026
1.010747,0.2551117,0.2458026
1.015118,0.255382,0.2458026
1.01965,0.2561527,0.2458026
1.024077,0.2563136,0.2458026
1.028703,0.2571814,0.2458026
1.033265,0.257444,0.2458026
1.03787,0.2579503,0.2458026
1.042513,0.2584528,0.2458026
1.047071,0.2248298,0.2216345
1.052796,0.2277089,0.2216345
1.057556,0.225861,0.2216345
1.061865,0.2251168,0.2216345
1.066492,0.2260779,0.2216345
1.071211,0.226545,0.2216345
1.075959,0.2268757,0.2216345
1.080523,0.226719,0.2216345
1.084968,0.2267001,0.2216345
1.089433,0.2269918,0.2216345
1.093986,0.2274367,0.2216345
1.098567,0.2277525,0.2216345
1.102947,0.2275353,0.2216345
1.107439,0.2280316,0.2216345
1.111975,0.2283756,0.2216345
1.116567,0.2163476,0.2028978
1.122025,0.2185296,0.2028978
1.126558,0.2165709,0.2028978
1.131204,0.2169982,0.2028978
1.135891,0.217261,0.2028978
1.140485,0.2172102,0.2028978
1.145161,0.2175646,0.2028978
1.149691,0.2173857,0.2028978
1.153954,0.2169163,0.2028978
1.158503,0.2177399,0.2028978
1.163097,0.2180032,0.2028978
1.167581,0.2178998,0.2028978
1.172068,0.2180589,0.2028978
1.176492,0.218062,0.2028978
1.181064,0.1679195,0.161869
1.186456,0.169695,0.161869
1.191149,0.1682241,0.161869
1.195661,0.167859,0.161869
1.200048,0.1676169,0.161869
1.204584,0.1679555,0.161869
1.209174,0.1680932,0.161869
1.213665,0.1679041,0.161869
1.218089,0.167778,0.161869
1.22256,0.1679025,0.161869
1.227174,0.1682319,0.161869
1.232028,0.1687768,0.161869
1.236251,0.1674243,0.161869
1.240664,0.1678565,0.161869
1.245302,0.1683689,0.161869
1.250055,0.2059742,0.213962
1.255511,0.2078306,0.213962
1.259965,0.2056141,0.213962
1.264486,0.2059307,0.213962
1.269094,0.206297,0.213962
1.273521,0.2060194,0.213962
1.277974,0.2062343,0.213962
1.282604,0.2068142,0.213962
1.287059,0.2065443,0.213962
1.291591,0.2068812,0.213962
1.296095,0.2069643,0.213962
1.301158,0.2084768,0.213962
1.305568,0.207043,0.213962
1.310097,0.2074782,0.213962
1.314613,0.2103597,0.1914939
1.321753,0.2170881,0.1914939
1.326173,0.2103972,0.1914939
1.330877,0.2112229,0.1914939
1.3355,0.2111329,0.1914939
1.340068,0.2111085,0.1914939
1.345075,0.2123263,0.1914939
1.349483,0.2109342,0.1914939
1.353947,0.2111769,0.1914939
1.35827,0.2109261,0.1914939
1.362892,0.2117862,0.1914939
1.367889,0.2128426,0.1914939
1.373171,0.2136863,0.1914939
1.377557,0.2115164,0.1914939
1.382191,0.2368561,0.1993561
1.388159,0.2405949,0.1993561
1.392683,0.2368646,0.1993561
1.397085,0.2366628,0.1993561
1.401971,0.238095,0.1993561
1.40665,0.237673,0.1993561
1.411157,0.2373336,0.1993561
1.415789,0.2377968,0.1993561
1.420043,0.2368945,0.1993561
1.424556,0.2377134,0.1993561
1.428881,0.2373182,0.1993561
1.433144,0.2372642,0.1993561
1.437921,0.2387761,0.1993561
1.442675,0.2388353,0.1993561
1.446859,0.2510119,0.2051674
1.452369,0.2548794,0.2051674
1.456827,0.2520514,0.2051674
1.46105,0.2515085,0.2051674
1.46538,0.2519245,0.2051674
1.469788,0.2522624,0.2051674
1.474172,0.2523079,0.2051674
1.479074,0.2538957,0.2051674
1.483888,0.2537702,0.2051674
1.488188,0.252427,0.2051674
1.492653,0.253004,0.2051674
1.497091,0.2530352,0.2051674
1.501343,0.2526099,0.2051674
1.505752,0.2531591,0.2051674
1.509975,0.2527311,0.2051674
1.514055,0.2286947,0.2002295
1.519458,0.2323932,0.2002295
1.524194,0.2306239,0.2002295
1.528447,0.2293614,0.2002295
1.533284,0.2310254,0.2002295
1.537909,0.2305011,0.2002295
1.542372,0.2301128,0.2002295
1.546989,0.2305937,0.2002295
1.551562,0.2305261,0.2002295
1.555723,0.2294426,0.2002295
1.560373,0.2308385,0.2002295
1.565176,0.2313169,0.2002295
1.569659,0.2304805,0.2002295
1.573881,0.2298047,0.2002295
1.578409,0.2306961,0.2002295
1.582969,0.2542721,0.2152196
1.588532,0.2572707,0.2152196
1.593076,0.2544099,0.2152196
1.59777,0.2549262,0.2152196
1.602479,0.2550482,0.2152196
1.606951,0.2544434,0.2152196
1.611258,0.2540368,0.2152196
1.615589,0.2541761,0.2152196
1.62017,0.254973,0.2152196
1.625007,0.2557834,0.2152196
1.629492,0.2548333,0.2152196
1.633959,0.2548486,0.2152196
1.638473,0.255045,0.2152196
1.642899,0.2548526,0.2152196
1.647592,0.278834,0.2195358
1.653906,0.2838699,0.2195358
1.658554,0.2788913,0.2195358
1.662962,0.2782427,0.2195358
1.667686,0.2792753,0.2195358
1.672019,0.2781653,0.2195358
1.676449,0.27853,0.2195358
1.680874,0.2785821,0.2195358
1.685382,0.2789021,0.2195358
1.689601,0.2780865,0.2195358
1.693793,0.2780631,0.2195358
1.698462,0.2795786,0.2195358
1.703243,0.2799829,0.2195358
1.707572,0.2786633,0.2195358
1.712258,0.2798084,0.2195358
1.716658,0.2834526,0.2310738
1.722085,0.2866608,0.2310738
1.726364,0.2831512,0.2310738
1.730702,0.2833559,0.2310738
1.735787,0.285697,0.2310738
1.740311,0.2839852,0.2310738
1.744667,0.2834924,0.2310738
1.74938,0.2846169,0.2310738
1.753537,0.2829179,0.2310738
1.757687,0.282915,0.2310738
1.762192,0.284027,0.2310738
1.766769,0.2842602,0.2310738
1.771348,0.2842838,0.2310738
1.776205,0.2851532,0.2310738
1.780575,0.2831629,0.2388387
1.785962,0.2863323,0.2388387
1.790244,0.2829417,0.2388387
1.794659,0.283367,0.2388387
1.79927,0.2839907,0.2388387
1.803785,0.2837098,0.2388387
1.808271,0.2836306,0.2388387
1.813077,0.2846314,0.2388387
1.817696,0.2840611,0.2388387
1.822177,0.2836389,0.2388387
1.826775,0.2840014,0.2388387
1.831298,0.2837732,0.2388387
1.835804,0.28372,0.2388387
1.840195,0.2833578,0.2388387
1.844697,0.2836972,0.2388387
1.849574,0.2932867,0.2330117
1.854949,0.2948626,0.2330117
1.859371,0.2918784,0.2330117
1.863901,0.29222,0.2330117
1.868502,0.292442,0.2330117
1.873269,0.2929602,0.2330117
1.877766,0.2921102,0.2330117
1.882301,0.2922212,0.2330117
1.886856,0.2922778,0.2330117
1.891512,0.2925797,0.2330117
1.896219,0.2927287,0.2330117
1.901056,0.2931173,0.2330117
1.906126,0.2938253,0.2330117
1.910793,0.2925398,0.2330117
1.915549,0.287889,0.2293827
1.921388,0.2912099,0.2293827
1.925756,0.2865836,0.2293827
1.930389,0.2873575,0.2293827
1.936023,0.2904104,0.2293827
1.94122,0.2889844,0.2293827
1.946025,0.2877043,0.2293827
1.951178,0.2887183,0.2293827
1.955454,0.2859398,0.2293827
1.959785,0.2860483,0.2293827
1.964783,0.2880422,0.2293827
1.969457,0.286966,0.2293827
1.974026,0.2865668,0.2293827
1.978656,0.2866799,0.2293827
1.983159,0.2835027,0.2344856
1.98856,0.2862045,0.2344856
1.99316,0.2836641,0.2344856
1.997468,0.2827003,0.2344856
2.002172,0.2838534,0.2344856
2.006617,0.282984,0.2344856
2.010967,0.282619,0.2344856
2.015402,0.2828112,0.2344856
2.020061,0.2834181,0.2344856
2.024719,0.2833355,0.2344856
2.029302,0.283021,0.2344856
2.034162,0.2837816,0.2344856
2.038386,0.2817497,0.2344856
2.042915,0.2825948,0.2344856
2.047661,0.2897785,0.2278085
2.053279,0.2923582,0.2278085
2.057733,0.2886603,0.2278085
2.062365,0.2891014,0.2278085
2.067089,0.2892774,0.2278085
2.07158,0.288455,0.2278085
2.076053,0.2882906,0.2278085
2.080489,0.2880703,0.2278085
2.084741,0.2873964,0.2278085
2.089333,0.2883247,0.2278085
2.093686,0.2874791,0.2278085
2.097963,0.2871344,0.2278085
2.10275,0.2885681,0.2278085
2.107281,0.2876623,0.2278085
2.111537,0.2867044,0.2278085
2.116245,0.2730406,0.2227169
2.121394,0.2742359,0.2227169
2.12585,0.27206,0.2227169
2.130055,0.2712128,0.2227169
2.134599,0.2721004,0.2227169
2.139329,0.2725274,0.2227169
2.143642,0.2711828,0.2227169
2.147993,0.2711779,0.2227169
2.152331,0.2710227,0.2227169
2.156697,0.2709845,0.2227169
2.161482,0.2720864,0.2227169
2.165979,0.2711115,0.2227169
2.170461,0.2709399,0.2227169
2.174987,0.2709377,0.2227169
2.179479,0.2707039,0.2227169
2.184167,0.2471344,0.2188438
2.189522,0.248818,0.2188438
2.194082,0.246451,0.2188438
2.198774,0.2466578,0.2188438
2.203175,0.2457024,0.2188438
2.207784,0.2461171,0.2188438
2.21236,0.2458626,0.2188438
2.216993,0.2458589,0.2188438
2.221533,0.2454376,0.2188438
2.226046,0.2452015,0.2188438
2.230589,0.2451177,0.2188438
2.234964,0.2444922,0.2188438
2.239321,0.2442829,0.2188438
2.243896,0.2447061,0.2188438
2.248461,0.2381618,0.220623
2.253764,0.2399231,0.220623
2.258358,0.2378161,0.220623
2.262872,0.237405,0.220623
2.267556,0.2376514,0.220623
2.27214,0.2371809,0.220623
2.276672,0.2368376,0.220623
2.281171,0.236548,0.220623
2.285593,0.2361378,0.220623
2.290053,0.2360357,0.220623
2.294555,0.2359357,0.220623
2.299196,0.2360874,0.220623
2.303757,0.2356613,0.220623
2.308231,0.2352174,0.220623
2.312795,0.2352348,0.220623
2.317247,0.268968,0.2288531
2.322822,0.2718801,0.2288531
2.327461,0.2689719,0.2288531
2.331967,0.2683548,0.2288531
2.336392,0.2678875,0.2288531
2.340823,0.2676682,0.2288531
2.346554,0.2710311,0.2288531
2.351872,0.2695726,0.2288531
2.356863,0.2683752,0.2288531
2.361669,0.2675852,0.2288531
2.367024,0.2688236,0.2288531
2.371671,0.2665772,0.2288531
2.376582,0.2670316,0.2288531
2.381535,0.2863326,0.2345494
2.388128,0.2907249,0.2345494
2.393087,0.2857279,0.2345494
2.397363,0.2835359,0.2345494
2.401755,0.2836194,0.2345494
2.406373,0.2840015,0.2345494
2.410955,0.2836409,0.2345494
2.415575,0.2834821,0.2345494
2.420291,0.2834837,0.2345494
2.425214,0.2837818,0.2345494
2.430916,0.2856614,0.2345494
2.435462,0.282121,0.2345494
2.440166,0.2822855,0.2345494
2.444712,0.2815713,0.2345494
2.449785,0.30431,0.2388476
2.455379,0.3055407,0.2388476
2.460264,0.3031588,0.2388476
2.464975,0.3023741,0.2388476
2.4695,0.3015645,0.2388476
2.47405,0.3013715,0.2388476
2.47857,0.3010151,0.2388476
2.483588,0.3021736,0.2388476
2.488148,0.3005634,0.2388476
2.492379,0.2993506,0.2388476
2.496702,0.299352,0.2388476
2.501254,0.2997386,0.2388476
2.505717,0.2992063,0.2388476
2.510189,0.2989529,0.2388476
2.514758,0.3000639,0.2499741
2.520597,0.3033563,0.2499741
2.525013,0.2989436,0.2499741
2.529464,0.2987368,0.2499741
2.534376,0.299727,0.2499741
2.538489,0.2971542,0.2499741
2.542776,0.2973518,0.2499741
2.547305,0.297725,0.2499741
2.551845,0.2974371,0.2499741
2.556621,0.2977693,0.2499741
2.560894,0.2960411,0.2499741
2.565459,0.2965394,0.2499741
2.570143,0.2965368,0.2499741
2.574822,0.296181,0.2499741
2.579174,0.2949465,0.2499741
2.583559,0.2668238,0.2493078
2.589015,0.2692351,0.2493078
2.593616,0.2665597,0.2493078
2.598351,0.2665162,0.2493078
2.602894,0.2656179,0.2493078
2.607213,0.264657,0.2493078
2.611664,0.264619,0.2493078
2.61641,0.2649891,0.2493078
2.62125,0.264812,0.2493078
2.625771,0.2635811,0.2493078
2.63032,0.2632549,0.2493078
2.634869,0.2628543,0.2493078
2.639335,0.2622397,0.2493078
2.644318,0.2631412,0.2493078
2.649056,0.2685724,0.2520772
2.654741,0.2705735,0.2520772
2.659353,0.2673043,0.2520772
2.663954,0.2668499,0.2520772
2.66838,0.2659778,0.2520772
2.672657,0.2651917,0.2520772
2.677591,0.2664476,0.2520772
2.682483,0.2658798,0.2520772
2.686868,0.2641448,0.2520772
2.691651,0.2647244,0.2520772
2.696397,0.2641748,0.2520772
2.700944,0.2632259,0.2520772
2.705186,0.2620329,0.2520772
2.709591,0.2620262,0.2520772
2.714176,0.2791011,0.2591314
2.719688,0.2810237,0.2591314
2.724383,0.2784548,0.2591314
2.728759,0.2772229,0.2591314
2.733293,0.2772073,0.2591314
2.73808,0.2774145,0.2591314
2.742668,0.2764686,0.2591314
2.747056,0.2755438,0.2591314
2.751459,0.2751625,0.2591314
2.755993,0.275064,0.2591314
2.760603,0.2748177,0.2591314
2.765563,0.2752287,0.2591314
2.769649,0.2726267,0.2591314
2.774199,0.2733572,0.2591314
2.778777,0.2729781,0.2591314
2.783365,0.2999729,0.2680255
2.789109,0.3025233,0.2680255
2.793253,0.2978393,0.2680255
2.797909,0.2987469,0.2680255
2.80249,0.298097,0.2680255
2.807109,0.2977423,0.2680255
2.81175,0.2973403,0.2680255
2.816309,0.2966722,0.2680255
2.821249,0.2971776,0.2680255
2.825758,0.2955991,0.2680255
2.830302,0.29523,0.2680255
2.835059,0.2953062,0.2680255
2.839494,0.2940202,0.2680255
2.844107,0.2940105,0.2680255
2.848778,0.2743882,0.2698743
2.854254,0.2758659,0.2698743
2.85907,0.2737625,0.2698743
2.863672,0.2727855,0.2698743
2.868079,0.2718816,0.2698743
2.872321,0.2710618,0.2698743
2.876874,0.2713725,0.2698743
2.881391,0.2708386,0.2698743
2.88586,0.2702824,0.2698743
2.890331,0.2698421,0.2698743
2.895101,0.2700877,0.2698743
2.899907,0.2696914,0.2698743
2.904421,0.2685436,0.2698743
2.909128,0.2685268,0.2698743
2.913671,0.276939,0.2711564
2.91906,0.2784273,0.2711564
2.923849,0.2765331,0.2711564
2.928274,0.2752414,0.2711564
2.93309,0.2756796,0.2711564
2.937924,0.2752439,0.2711564
2.942664,0.2745532,0.2711564
2.94685,0.2728526,0.2711564
2.951393,0.2732198,0.2711564
2.955842,0.2725557,0.2711564
2.960369,0.2722795,0.2711564
2.965197,0.2724772,0.2711564
2.969457,0.2707555,0.2711564
2.973835,0.2705756,0.2711564
2.978383,0.2704935,0.2711564
2.982967,0.2519525,0.2636192
2.988554,0.253474,0.2636192
2.992955,0.2504501,0.2636192
2.997575,0.2503899,0.2636192
3.002197,0.2498708,0.2636192
3.006639,0.2489908,0.2636192
3.011293,0.2489004,0.2636192
3.015994,0.2484641,0.2636192
3.020461,0.2474661,0.2636192
3.025066,0.2472245,0.2636192
3.029696,0.2467404,0.2636192
3.034554,0.2466488,0.2636192
3.038804,0.244922,0.2636192
3.043414,0.2451158,0.2636192
3.048268,0.238676,0.2597954
3.053934,0.2397083,0.2597954
3.058524,0.2370994,0.2597954
3.063074,0.2365469,0.2597954
3.067692,0.2361973,0.2597954
3.072115,0.2353565,0.2597954
3.07667,0.2351337,0.2597954
3.081201,0.2346121,0.2597954
3.085766,0.2341937,0.2597954
3.090329,0.2337097,0.2597954
3.095016,0.2334484,0.2597954
3.099574,0.2327222,0.2597954
3.104241,0.2324313,0.2597954
3.110495,0.2347505,0.2597954
3.115256,0.2292148,0.2649744
3.120503,0.229506,0.2649744
3.125325,0.2281082,0.2649744
3.129953,0.2271748,0.2649744
3.134484,0.226436,0.2649744
3.138694,0.2253235,0.2649744
3.143066,0.2250854,0.2649744
3.147873,0.2252998,0.2649744
3.152143,0.2237841,0.2649744
3.15639,0.2232172,0.2649744
3.160889,0.2231203,0.2649744
3.165577,0.2228819,0.2649744
3.170064,0.2219636,0.2649744
3.175006,0.2221659,0.2649744
3.179379,0.2206041,0.2649744
3.183858,0.2268694,0.2605558
3.189399,0.228068,0.2605558
3.193863,0.2255402,0.2605558
3.198575,0.2253631,0.2605558
3.203089,0.2244176,0.2605558
3.207634,0.223873,0.2605558
3.212276,0.2234308,0.2605558
3.217092,0.2230954,0.2605558
3.22138,0.2216122,0.2605558
3.225963,0.2215129,0.2605558
3.230602,0.220993,0.2605558
3.235166,0.2202573,0.2605558
3.23974,0.2196646,0.2605558
3.244304,0.2190402,0.2605558
3.24897,0.2196023,0.2603224
3.254545,0.2203379,0.2603224
3.259077,0.2180257,0.2603224
3.263669,0.2174982,0.2603224
3.268295,0.2169236,0.2603224
3.272721,0.2160042,0.2603224
3.277266,0.215571,0.2603224
3.281894,0.2150706,0.2603224
3.286471,0.2143655,0.2603224
3.290958,0.2136143,0.2603224
3.29549,0.2130614,0.2603224
3.300067,0.2125044,0.2603224
3.304779,0.2120633,0.2603224
3.309408,0.2113035,0.2603224
3.314001,0.1875999,0.2617074
3.319476,0.1880823,0.2617074
3.323889,0.1860246,0.2617074
3.328467,0.1856279,0.2617074
3.333125,0.1851033,0.2617074
3.337874,0.18458,0.2617074
3.342472,0.1837542,0.2617074
3.347005,0.1830528,0.2617074
3.351861,0.1828155,0.2617074
3.356594,0.182013,0.2617074
3.361225,0.1812497,0.2617074
3.365766,0.1805177,0.2617074
3.370155,0.1797272,0.2617074
3.374659,0.179258,0.2617074
3.379262,0.1787556,0.2617074
3.383851,0.190296,0.2728812
3.38943,0.1910394,0.2728812
3.39396,0.1888911,0.2728812
3.398463,0.188255,0.2728812
3.402986,0.1876886,0.2728812
3.407417,0.1869712,0.2728812
3.411966,0.1865387,0.2728812
3.416601,0.1860486,0.2728812
3.421203,0.1853931,0.2728812
3.425766,0.1847336,0.2728812
3.430497,0.184343,0.2728812
3.434963,0.1833816,0.2728812
3.439672,0.1830938,0.2728812
3.444406,0.182498,0.2728812
3.44918,0.1972625,0.279591
3.454767,0.1977018,0.279591
3.459385,0.1957007,0.279591
3.464006,0.195095,0.279591
3.468686,0.1945588,0.279591
3.474261,0.1950779,0.279591
3.478787,0.1930193,0.279591
3.483557,0.1927222,0.279591
3.487806,0.1914499,0.279591
3.492396,0.1913008,0.279591
3.496969,0.1906711,0.279591
3.501562,0.1900876,0.279591
3.506129,0.189446,0.279591
3.510676,0.1888161,0.279591
3.515419,0.2117249,0.2924909
3.521466,0.2125012,0.2924909
3.526065,0.2098206,0.2924909
3.530704,0.2091171,0.2924909
3.535202,0.2082014,0.2924909
3.539742,0.2075161,0.2924909
3.544373,0.2068785,0.2924909
3.549094,0.2062228,0.2924909
3.553646,0.2052696,0.2924909
3.557977,0.2042883,0.2924909
3.562508,0.2037979,0.2924909
3.567272,0.2033072,0.2924909
3.571734,0.2022131,0.2924909
3.576194,0.2014848,0.2924909
3.580763,0.1926563,0.2838225
3.586486,0.19307,0.2838225
3.591015,0.1910665,0.2838225
3.595881,0.1906908,0.2838225
3.601699,0.1908347,0.2838225
3.606599,0.1891092,0.2838225
3.611164,0.1880633,0.2838225
3.616098,0.187696,0.2838225
3.620458,0.1864455,0.2838225
3.625015,0.1859522,0.2838225
3.630133,0.1857388,0.2838225
3.634871,0.1846405,0.2838225
3.639404,0.183752,0.2838225
3.643994,0.1831102,0.2838225
3.648778,0.1692635,0.2831205
3.654235,0.1692243,0.2831205
3.65877,0.1677679,0.2831205
3.663267,0.1671622,0.2831205
3.668037,0.1668129,0.2831205
3.672553,0.1660067,0.2831205
3.677064,0.1654304,0.2831205
3.68239,0.1654944,0.2831205
3.68687,0.164172,0.2831205
3.691637,0.1638211,0.2831205
3.696282,0.1631279,0.2831205
3.701256,0.1627817,0.2831205
3.706597,0.1624215,0.2831205
3.711968,0.1617674,0.2831205
3.71778,0.161479,0.2789636
3.723242,0.1606427,0.2789636
3.727904,0.1595851,0.2789636
3.732454,0.1590243,0.2789636
3.737267,0.1586893,0.2789636
3.741589,0.157905,0.2789636
3.746058,0.1575251,0.2789636
3.750468,0.1570185,0.2789636
3.75505,0.1566407,0.2789636
3.759575,0.1561249,0.2789636
3.764096,0.1556428,0.2789636
3.768875,0.1552922,0.2789636
3.773296,0.1546114,0.2789636
3.777864,0.1542128,0.2789636
3.782481,0.1701204,0.2859309
3.788058,0.1700328,0.2859309
3.792797,0.1688998,0.2859309
3.797178,0.1681249,0.2859309
3.802045,0.167802,0.2859309
3.806495,0.1669913,0.2859309
3.81095,0.1664304,0.2859309
3.815356,0.1658455,0.2859309
3.819713,0.1652683,0.2859309
3.82416,0.164756,0.2859309
3.828883,0.1643099,0.2859309
3.833496,0.1636703,0.2859309
3.838009,0.1630507,0.2859309
3.842487,0.1624694,0.2859309
3.853131,0.1416538,0.2779069
3.862244,0.1397472,0.2779069
3.870733,0.1384228,0.2779069
3.878933,0.1373078,0.2779069
3.887928,0.1365971,0.2779069
3.896648,0.1354391,0.2779069
3.9056,0.1344749,0.2779069
3.931699,0.1544653,0.279634
3.939197,0.1456466,0.279634
3.945183,0.1445764,0.279634
3.951326,0.1438872,0.279634
3.957088,0.1431337,0.279634
3.962931,0.1424633,0.279634
3.968684,0.1417747,0.279634
3.974445,0.1411032,0.279634
3.97999,0.1404258,0.279634
3.985934,0.1321034,0.2938264
3.992297,0.1314047,0.2938264
3.997111,0.1305202,0.2938264
4.001752,0.1299209,0.2938264
4.006318,0.1293485,0.2938264
4.010995,0.128791,0.2938264
4.015572,0.1282177,0.2938264
4.02007,0.1276589,0.2938264
4.024649,0.1271101,0.2938264
4.029293,0.126552,0.2938264
4.033888,0.1259898,0.2938264
4.038516,0.1254322,0.2938264
4.043294,0.1248664,0.2938264
4.047868,0.1302657,0.2986274
4.053289,0.1296697,0.2986274
4.057786,0.1289465,0.2986274
4.062253,0.1283512,0.2986274
4.066891,0.1277568,0.2986274
4.071423,0.1271483,0.2986274
4.076187,0.1265429,0.2986274
4.080901,0.1259198,0.2986274
4.085465,0.125311,0.2986274
4.089996,0.124717,0.2986274
4.094601,0.1241206,0.2986274
4.099259,0.1235173,0.2986274
4.103762,0.1229281,0.2986274
4.108262,0.1223457,0.2986274
4.112864,0.1217532,0.2986274
4.121952,0.1331457,0.306502
4.127928,0.1322324,0.306502
4.132818,0.1316381,0.306502
4.138038,0.1310292,0.306502
4.142453,0.1305241,0.306502
4.147105,0.1299769,0.306502
4.151658,0.1294518,0.306502
4.156131,0.1289376,0.306502
4.160763,0.1283939,0.306502
4.165466,0.1278473,0.306502
4.169949,0.127348,0.306502
4.17444,0.1268321,0.306502
4.179093,0.1262846,0.306502
4.183651,0.1253097,0.2972332
4.189045,0.1245296,0.2972332
4.193571,0.1239476,0.2972332
4.198173,0.1233082,0.2972332
4.202684,0.1226953,0.2972332
4.207109,0.1220962,0.2972332
4.211674,0.1214592,0.2972332
4.216426,0.1207928,0.2972332
4.221204,0.1201411,0.2972332
4.22589,0.1195178,0.2972332
4.230572,0.1188862,0.2972332
4.23516,0.1182823,0.2972332
4.239693,0.1176828,0.2972332
4.244193,0.1170865,0.2972332
4.248898,0.1069586,0.2854455
4.254379,0.1061695,0.2854455
4.258991,0.1059044,0.2854455
4.263451,0.1054694,0.2854455
4.268094,0.1049197,0.2854455
4.272672,0.1044518,0.2854455
4.277334,0.1039308,0.2854455
4.281917,0.1034713,0.2854455
4.286461,0.1030042,0.2854455
4.290899,0.1025737,0.2854455
4.295384,0.1020878,0.2854455
4.300082,0.1015229,0.2854455
4.304552,0.1011398,0.2854455
4.309213,0.1005864,0.2854455
4.314087,0.09292357,0.2839302
4.319597,0.0920376,0.2839302
4.324,0.09207407,0.2839302
4.328461,0.09156489,0.2839302
4.33325,0.09089155,0.2839302
4.337878,0.09047607,0.2839302
4.342484,0.08999611,0.2839302
4.347093,0.08950712,0.2839302
4.351656,0.08904941,0.2839302
4.356155,0.08861119,0.2839302
4.360801,0.08804791,0.2839302
4.365506,0.08752629,0.2839302
4.369971,0.0871958,0.2839302
4.374402,0.08675916,0.2839302
4.378866,0.08628253,0.2839302
4.383371,0.08311033,0.2837031
4.389036,0.08202367,0.2837031
4.39357,0.08206998,0.2837031
4.398037,0.08165075,0.2837031
4.402593,0.08115082,0.2837031
4.407326,0.08059299,0.2837031
4.411863,0.08023633,0.2837031
4.416397,0.07978901,0.2837031
4.421204,0.0791787,0.2837031
4.425775,0.07884938,0.2837031
4.430446,0.07834217,0.2837031
4.435003,0.07795953,0.2837031
4.439497,0.07755826,0.2837031
4.444014,0.07711203,0.2837031
4.44868,0.07617475,0.2875958
4.4542,0.07520229,0.2875958
4.458673,0.07550271,0.2875958
4.463219,0.0750936,0.2875958
4.467785,0.07471932,0.2875958
4.47225,0.07443442,0.2875958
4.476758,0.07405256,0.2875958
4.481398,0.07360195,0.2875958
4.485856,0.0733799,0.2875958
4.490277,0.07306398,0.2875958
4.494699,0.07272436,0.2875958
4.499387,0.07218137,0.2875958
4.504198,0.07173061,0.2875958
4.508818,0.07151655,0.2875958
4.51326,0.07131066,0.2875958
4.517759,0.07074688,0.2802527
4.523241,0.0695406,0.2802527
4.527757,0.0699815,0.2802527
4.532373,0.06955213,0.2802527
4.536904,0.06928569,0.2802527
4.541332,0.06904311,0.2802527
4.546092,0.06841496,0.2802527
4.551228,0.0677247,0.2802527
4.55578,0.06788941,0.2802527
4.560268,0.06762174,0.2802527
4.564895,0.06717135,0.2802527
4.569371,0.06698531,0.2802527
4.573917,0.06660287,0.2802527
4.578491,0.06625984,0.2802527
4.583066,0.058734,0.2710343
4.588566,0.05755422,0.2710343
4.593072,0.05818176,0.2710343
4.597491,0.05799323,0.2710343
4.602088,0.05754874,0.2710343
4.606667,0.05729101,0.2710343
4.611278,0.05698662,0.2710343
4.615896,0.05670666,0.2710343
4.620354,0.05659883,0.2710343
4.624979,0.056172,0.2710343
4.629499,0.05601292,0.2710343
4.634069,0.05570579,0.2710343
4.638572,0.05551757,0.2710343
4.643096,0.05524505,0.2710343
4.647683,0.05260994,0.2691559
4.653049,0.05156965,0.2691559
4.657456,0.05221326,0.2691559
4.661973,0.0518484,0.2691559
4.666674,0.05140691,0.2691559
4.671242,0.05127668,0.2691559
4.675777,0.0510558,0.2691559
4.680391,0.05072571,0.2691559
4.684995,0.05048592,0.2691559
4.689465,0.05037485,0.2691559
4.694078,0.04998969,0.2691559
4.698699,0.04973865,0.2691559
4.703158,0.04966763,0.2691559
4.707656,0.04939803,0.2691559
4.712305,0.04901174,0.2691559
4.71686,0.04660552,0.265918
4.722676,0.04509962,0.265918
4.727264,0.04605841,0.265918
4.73177,0.04591762,0.265918
4.736284,0.04569192,0.265918
4.740734,0.04554178,0.265918
4.745259,0.04525495,0.265918
4.7498,0.04502796,0.265918
4.754217,0.04494995,0.265918
4.758681,0.04470098,0.265918
4.763407,0.04422791,0.265918
4.767959,0.04420393,0.265918
4.77336,0.04311669,0.265918
4.77778,0.04392143,0.265918
4.782266,0.04822777,0.2745311
4.787989,0.046712,0.2745311
4.79257,0.04760136,0.2745311
4.797175,0.04734109,0.2745311
4.801591,0.04730821,0.2745311
4.806124,0.0469662,0.2745311
4.810655,0.0467444,0.2745311
4.815208,0.04650276,0.2745311
4.819553,0.04650722,0.2745311
4.823934,0.04626537,0.2745311
4.828713,0.04563585,0.2745311
4.833371,0.04554771,0.2745311
4.837898,0.04547861,0.2745311
4.842502,0.04519659,0.2745311
4.847101,0.04690722,0.272384
4.852599,0.04571752,0.272384
4.857076,0.04654928,0.272384
4.861771,0.04610084,0.272384
4.866411,0.04593967,0.272384
4.871232,0.04552887,0.272384
4.87576,0.04563143,0.272384
4.880329,0.04538369,0.272384
4.884859,0.0452273,0.272384
4.889387,0.04503431,0.272384
4.893925,0.04483294,0.272384
4.898467,0.0446395,0.272384
4.902964,0.04450423,0.272384
4.907511,0.0442685,0.272384
4.912069,0.04407861,0.272384
4.916566,0.04412583,0.268114
4.922091,0.04282515,0.268114
4.926569,0.0438968,0.268114
4.931061,0.04377268,0.268114
4.93582,0.04335585,0.268114
4.9404,0.04345655,0.268114
4.944953,0.04338568,0.268114
4.949599,0.04317906,0.268114
4.95406,0.04329901,0.268114
4.958576,0.04314397,0.268114
4.963194,0.04293631,0.268114
4.967881,0.04276787,0.268114
4.972267,0.04303616,0.268114
4.976697,0.04290552,0.268114
4.981207,0.04614843,0.2713472
4.9868,0.04476839,0.2713472
4.991304,0.04604632,0.2713472
4.995883,0.04590932,0.2713472
5.000502,0.04581702,0.2713472
5.005095,0.0458098,0.2713472
5.009566,0.04592473,0.2713472
5.01419,0.04570151,0.2713472
5.018659,0.04586336,0.2713472
5.023066,0.04591386,0.2713472
5.027612,0.04571643,0.2713472
5.032168,0.04568315,0.2713472
5.036554,0.04587512,0.2713472
5.040931,0.0458708,0.2713472
5.04549,0.04563305,0.2713472
5.049962,0.04649001,0.2639463
5.055424,0.04524193,0.2639463
5.059862,0.04649549,0.2639463
5.064357,0.04641071,0.2639463
5.068997,0.04622111,0.2639463
5.073472,0.04642007,0.2639463
5.07807,0.04626116,0.2639463
5.082698,0.0462229,0.2639463
5.087176,0.04641278,0.2639463
5.091625,0.04645261,0.2639463
5.096233,0.04626044,0.2639463
5.101051,0.04601153,0.2639463
5.105466,0.04652559,0.2639463
5.109995,0.04639987,0.2639463
5.114469,0.05153322,0.2576839
5.119866,0.05034113,0.2576839
5.124379,0.05151425,0.2576839
5.12897,0.05143108,0.2576839
5.133455,0.05159307,0.2576839
5.137903,0.05166662,0.2576839
5.142363,0.05167904,0.2576839
5.146874,0.05164066,0.2576839
5.151491,0.05153658,0.2576839
5.155876,0.05187702,0.2576839
5.160359,0.05178583,0.2576839
5.164888,0.05176711,0.2576839
5.169355,0.05189309,0.2576839
5.173793,0.05197885,0.2576839
5.178407,0.05179777,0.2576839
5.182954,0.04376759,0.2650935
5.188432,0.04277187,0.2650935
5.192983,0.04394805,0.2650935
5.197602,0.04395722,0.2650935
5.202199,0.04407663,0.2650935
5.206658,0.04433128,0.2650935
5.211063,0.04448806,0.2650935
5.215708,0.04430814,0.2650935
5.220156,0.04463995,0.2650935
5.224672,0.04466385,0.2650935
5.22931,0.04463182,0.2650935
5.233853,0.04485191,0.2650935
5.238306,0.04506991,0.2650935
5.242803,0.04513161,0.2650935
5.247374,0.04482118,0.2694482
5.252753,0.04403942,0.2694482
5.257176,0.0452524,0.2694482
5.261785,0.04516659,0.2694482
5.266463,0.04522043,0.2694482
5.271214,0.04527365,0.2694482
5.275686,0.04572477,0.2694482
5.280268,0.04573575,0.2694482
5.284883,0.04583799,0.2694482
5.289285,0.04621806,0.2694482
5.293757,0.04627906,0.2694482
5.298295,0.04635049,0.2694482
5.303166,0.04613459,0.2694482
5.308021,0.04631421,0.2694482
5.313042,0.04629906,0.2694482
5.317777,0.05217391,0.2670798
5.323276,0.05141727,0.2670798
5.327868,0.05266345,0.2670798
5.332474,0.05279467,0.2670798
5.336995,0.0530483,0.2670798
5.341581,0.0531225,0.2670798
5.346173,0.05327076,0.2670798
5.351158,0.05297063,0.2670798
5.355478,0.0539236,0.2670798
5.359861,0.05400285,0.2670798
5.364396,0.05398561,0.2670798
5.368967,0.05410995,0.2670798
5.373407,0.05443296,0.2670798
5.378102,0.05430606,0.2670798
5.382765,0.05573629,0.2659071
5.388315,0.05491928,0.2659071
5.392862,0.05629558,0.2659071
5.397357,0.05655194,0.2659071
5.401886,0.0567104,0.2659071
5.406367,0.05696422,0.2659071
5.410762,0.05726368,0.2659071
5.415307,0.05729321,0.2659071
5.41975,0.05761634,0.2659071
5.424191,0.05782666,0.2659071
5.428796,0.05785181,0.2659071
5.433372,0.05810383,0.2659071
5.437903,0.05837315,0.2659071
5.442498,0.05852534,0.2659071
5.447069,0.05598913,0.2688761
5.452488,0.05533888,0.2688761
5.456951,0.0566619,0.2688761
5.461571,0.05675071,0.2688761
5.466316,0.05688505,0.2688761
5.471244,0.05697043,0.2688761
5.475777,0.05767744,0.2688761
5.480444,0.0578098,0.2688761
5.484956,0.05825532,0.2688761
5.489425,0.05857723,0.2688761
5.4939,0.05884748,0.2688761
5.498461,0.05904163,0.2688761
5.502887,0.05946841,0.2688761
5.507369,0.05969558,0.2688761
5.511971,0.05986362,0.2688761
5.516563,0.05292733,0.2706354
5.522042,0.05249541,0.2706354
5.526562,0.05373049,0.2706354
5.53108,0.05407089,0.2706354
5.535387,0.0545968,0.2706354
5.539875,0.05477015,0.2706354
5.54436,0.05511978,0.2706354
5.549002,0.05533761,0.2706354
5.55335,0.05595009,0.2706354
5.557703,0.05629195,0.2706354
5.562413,0.05634303,0.2706354
5.567055,0.05678127,0.2706354
5.571445,0.05736704,0.2706354
5.576006,0.05758861,0.2706354
5.580468,0.05648703,0.2768445
5.586024,0.05589374,0.2768445
5.590462,0.057245,0.2768445
5.595072,0.05743435,0.2768445
5.600019,0.05750531,0.2768445
5.605058,0.05780852,0.2768445
5.609564,0.05863428,0.2768445
5.614216,0.05886804,0.2768445
5.619371,0.05882871,0.2768445
5.624073,0.05960009,0.2768445
5.629378,0.059499,0.2768445
5.634689,0.05992294,0.2768445
5.63947,0.06076934,0.2768445
5.645009,0.06057845,0.2768445
5.650004,0.06105538,0.2672915
5.655879,0.06070696,0.2672915
5.660604,0.06199221,0.2672915
5.665471,0.06220408,0.2672915
5.670091,0.06272807,0.2672915
5.674762,0.06300908,0.2672915
5.679466,0.06330767,0.2672915
5.684077,0.06370803,0.2672915
5.688828,0.06392811,0.2672915
5.69348,0.06433922,0.2672915
5.698077,0.06471076,0.2672915
5.702796,0.06495267,0.2672915
5.707323,0.06543319,0.2672915
5.71176,0.06582696,0.2672915
5.716295,0.06524181,0.2676374
5.721698,0.06501669,0.2676374
5.726158,0.06606036,0.2676374
5.730711,0.06634969,0.2676374
5.735264,0.06671013,0.2676374
5.739881,0.06703123,0.2676374
5.744512,0.06739174,0.2676374
5.749173,0.06774507,0.2676374
5.753648,0.06824011,0.2676374
5.758216,0.06854585,0.2676374
5.762983,0.0687988,0.2676374
5.767558,0.06930729,0.2676374
5.772141,0.06968148,0.2676374
5.776671,0.07009418,0.2676374
5.78118,0.08831654,0.2595214
5.786788,0.08808602,0.2595214
5.791269,0.08936308,0.2595214
5.795767,0.08981725,0.2595214
5.800395,0.0902054,0.2595214
5.804962,0.09072542,0.2595214
5.809501,0.09122285,0.2595214
5.813993,0.09172992,0.2595214
5.818581,0.0921502,0.2595214
5.823144,0.09265357,0.2595214
5.827691,0.09315164,0.2595214
5.832396,0.0935526,0.2595214
5.836977,0.09412938,0.2595214
5.8415,0.09465865,0.2595214
5.846068,0.09512808,0.2595214
5.851058,0.09563453,0.2511102
5.85652,0.09587885,0.2511102
5.86107,0.09694084,0.2511102
5.865661,0.09738566,0.2511102
5.870191,0.09789201,0.2511102
5.874712,0.09836607,0.2511102
5.879263,0.09881979,0.2511102
5.884001,0.09919895,0.2511102
5.888475,0.0998306,0.2511102
5.892859,0.1003476,0.2511102
5.898109,0.1003856,0.2511102
5.903274,0.1009841,0.2511102
5.907844,0.1018147,0.2511102
5.912526,0.1022524,0.2511102
5.917164,0.09763725,0.2600732
5.922668,0.0978789,0.2600732
5.927254,0.09873932,0.2600732
5.931879,0.09922577,0.2600732
5.936392,0.09976103,0.2600732
5.940775,0.1002899,0.2600732
5.945257,0.1007445,0.2600732
5.949803,0.1012212,0.2600732
5.954235,0.1017516,0.2600732
5.958771,0.1022173,0.2600732
5.963556,0.1026649,0.2600732
5.968171,0.1032352,0.2600732
5.972624,0.1037859,0.2600732
5.977078,0.1042854,0.2600732
5.981571,0.1179057,0.2625376
5.987101,0.1183409,0.2625376
5.991558,0.1192679,0.2625376
5.996274,0.1198385,0.2625376
6.00109,0.1204731,0.2625376
6.005664,0.1211706,0.2625376
6.010172,0.1218127,0.2625376
6.014581,0.1224507,0.2625376
6.01917,0.1230449,0.2625376
6.023596,0.1237025,0.2625376
6.028194,0.124307,0.2625376
6.03277,0.124955,0.2625376
6.037275,0.1256051,0.2625376
6.041707,0.1262467,0.2625376
6.046364,0.1268627,0.2625376
6.050961,0.1137497,0.2645463
6.056377,0.1142843,0.2645463
6.060862,0.1150304,0.2645463
6.065566,0.115596,0.2645463
6.069991,0.1162149,0.2645463
6.074526,0.1167835,0.2645463
6.079082,0.1173713,0.2645463
6.083896,0.1179603,0.2645463
6.088494,0.118589,0.2645463
6.092959,0.1191901,0.2645463
6.097499,0.1197766,0.2645463
6.102048,0.1203737,0.2645463
6.106547,0.1209718,0.2645463
6.110998,0.1215645,0.2645463
6.115606,0.1118948,0.2607782
6.121341,0.1124802,0.2607782
6.125868,0.1130226,0.2607782
6.13036,0.1135232,0.2607782
6.134984,0.114035,0.2607782
6.139471,0.1145384,0.2607782
6.144056,0.1150507,0.2607782
6.148703,0.1155719,0.2607782
6.153046,0.1160572,0.2607782
6.157393,0.1165468,0.2607782
6.161886,0.1170571,0.2607782
6.166471,0.1175788,0.2607782
6.171173,0.1181166,0.2607782
6.175702,0.1186211,0.2607782
6.180187,0.1168697,0.2607042
6.18565,0.117665,0.2607042
6.190093,0.1181024,0.2607042
6.194557,0.1186695,0.2607042
6.199062,0.1192454,0.2607042
6.203483,0.1197948,0.2607042
6.208094,0.1204093,0.2607042
6.21278,0.1210185,0.2607042
6.217277,0.1215607,0.2607042
6.221766,0.1221334,0.2607042
6.226473,0.1227773,0.2607042
6.231104,0.1233566,0.2607042
6.235557,0.1238931,0.2607042
6.240032,0.1244746,0.2607042
6.244596,0.1250831,0.2607042
6.249059,0.1215682,0.2598825
6.254451,0.1224238,0.2598825
6.259024,0.1227491,0.2598825
6.26357,0.1232742,0.2598825
6.268194,0.1238369,0.2598825
6.272587,0.124289,0.2598825
6.277064,0.1248394,0.2598825
6.281691,0.1254274,0.2598825
6.286189,0.125919,0.2598825
6.290662,0.1264393,0.2598825
6.295153,0.1269758,0.2598825
6.299689,0.1275274,0.2598825
6.304138,0.1280251,0.2598825
6.309011,0.1287519,0.2598825
6.314216,0.1209161,0.264273
6.319869,0.12171,0.264273
6.324463,0.1218224,0.264273
6.329057,0.1223335,0.264273
6.333663,0.1228518,0.264273
6.338054,0.1232568,0.264273
6.342883,0.1239729,0.264273
6.347982,0.1246563,0.264273
6.352996,0.1251808,0.264273
6.357902,0.1256831,0.264273
6.363067,0.1263794,0.264273
6.367973,0.1268114,0.264273
6.372504,0.1271469,0.264273
6.377117,0.1277044,0.264273
6.381865,0.1241073,0.2621492
6.38813,0.1255084,0.2621492
6.392567,0.1250851,0.2621492
6.397078,0.1256038,0.2621492
6.401567,0.1260751,0.2621492
6.406283,0.1266958,0.2621492
6.410867,0.1271198,0.2621492
6.415386,0.1275712,0.2621492
6.419903,0.1280567,0.2621492
6.42443,0.1285493,0.2621492
6.429096,0.1291281,0.2621492
6.433659,0.1295625,0.2621492
6.438094,0.1299683,0.2621492
6.442604,0.1304984,0.2621492
6.447058,0.1398895,0.2638057
6.452464,0.1409893,0.2638057
6.456904,0.140821,0.2638057
6.461471,0.1413401,0.2638057
6.466164,0.1418737,0.2638057
6.471339,0.1426851,0.2638057
6.475766,0.1426229,0.2638057
6.480162,0.1430271,0.2638057
6.484815,0.1436488,0.2638057
6.489867,0.1444109,0.2638057
6.495203,0.1451254,0.2638057
6.499763,0.145017,0.2638057
6.504298,0.1454378,0.2638057
6.508917,0.1459455,0.2638057
6.513388,0.1376353,0.2675413
6.518863,0.1389608,0.2675413
6.523338,0.1386181,0.2675413
6.527861,0.1391062,0.2675413
6.532509,0.1396691,0.2675413
6.537093,0.1400738,0.2675413
6.541624,0.1404809,0.2675413
6.546274,0.1410428,0.2675413
6.551096,0.1416673,0.2675413
6.555554,0.1418025,0.2675413
6.560178,0.142404,0.2675413
6.564713,0.1427789,0.2675413
6.569257,0.1432382,0.2675413
6.573687,0.1435777,0.2675413
6.578189,0.1440907,0.2675413
6.582769,0.1547181,0.2619847
6.588216,0.1561905,0.2619847
6.592671,0.1557342,0.2619847
6.597342,0.1564861,0.2619847
6.601887,0.1568884,0.2619847
6.606365,0.1573388,0.2619847
6.610753,0.1577562,0.2619847
6.615195,0.158325,0.2619847
6.619668,0.1588742,0.2619847
6.624103,0.1593466,0.2619847
6.628709,0.1600596,0.2619847
6.63337,0.1606549,0.2619847
6.637805,0.1609264,0.2619847
6.642297,0.1615069,0.2619847
6.646971,0.1545552,0.2547145
6.652377,0.1560481,0.2547145
6.656709,0.1553306,0.2547145
6.661265,0.156138,0.2547145
6.665908,0.1568004,0.2547145
6.670465,0.1572468,0.2547145
6.674948,0.1576996,0.2547145
6.679504,0.1583363,0.2547145
6.684063,0.1588882,0.2547145
6.688442,0.1591961,0.2547145
6.692782,0.15967,0.2547145
6.697165,0.1602505,0.2547145
6.701552,0.1607809,0.2547145
6.706151,0.161597,0.2547145
6.710552,0.1618774,0.2547145
6.715061,0.1593546,0.2537638
6.720379,0.1609319,0.2537638
6.724815,0.1604349,0.2537638
6.729384,0.1611412,0.2537638
6.734002,0.1617538,0.2537638
6.738464,0.1621058,0.2537638
6.742857,0.162551,0.2537638
6.747318,0.1631675,0.2537638
6.751853,0.1638024,0.2537638
6.756281,0.1642016,0.2537638
6.760799,0.1648548,0.2537638
6.765373,0.165473,0.2537638
6.769754,0.1657547,0.2537638
6.774082,0.1662076,0.2537638
6.778571,0.1669461,0.2537638
6.783068,0.1703504,0.2578601
6.788527,0.1722089,0.2578601
6.793076,0.1716034,0.2578601
6.797674,0.1722166,0.2578601
6.80218,0.1726376,0.2578601
6.806664,0.1731455,0.2578601
6.811275,0.1738599,0.2578601
6.815904,0.1744375,0.2578601
6.820363,0.1747435,0.2578601
6.824849,0.1753156,0.2578601
6.829389,0.1759274,0.2578601
6.833971,0.1765277,0.2578601
6.838381,0.1768211,0.2578601
6.842794,0.1773475,0.2578601
6.847384,0.1837713,0.2504492
6.852749,0.1854575,0.2504492
6.857225,0.1845892,0.2504492
6.86177,0.1851481,0.2504492
6.866478,0.1858694,0.2504492
6.871087,0.18618,0.2504492
6.875715,0.1866755,0.2504492
6.880268,0.1870155,0.2504492
6.884689,0.1872566,0.2504492
6.8892,0.1878454,0.2504492
6.893681,0.1882444,0.2504492
6.898294,0.188911,0.2504492
6.902752,0.1891099,0.2504492
6.907205,0.1895416,0.2504492
6.911897,0.1903877,0.2504492
6.916567,0.2076281,0.2579433
6.922097,0.2096118,0.2579433
6.926666,0.2085142,0.2579433
6.931269,0.2090528,0.2579433
6.935916,0.2096108,0.2579433
6.940446,0.2098897,0.2579433
6.945093,0.2105669,0.2579433
6.949687,0.2109574,0.2579433
6.954128,0.2111584,0.2579433
6.958585,0.2116482,0.2579433
6.963325,0.2126212,0.2579433
6.967959,0.2129155,0.2579433
6.97247,0.2131686,0.2579433
6.977204,0.2140412,0.2579433
6.98187,0.2229951,0.2586159
6.988134,0.2265171,0.2586159
6.992671,0.2238471,0.2586159
6.997169,0.2242355,0.2586159
7.001681,0.2247219,0.2586159
7.006173,0.225138,0.2586159
7.01066,0.2255856,0.2586159
7.015184,0.2261104,0.2586159
7.019662,0.2264758,0.2586159
7.024189,0.2270222,0.2586159
7.028944,0.2279248,0.2586159
7.033677,0.2283572,0.2586159
7.038151,0.2283139,0.2586159
7.042708,0.2289242,0.2586159
7.0473,0.2280139,0.2532984
7.052998,0.2306855,0.2532984
7.057561,0.2289143,0.2532984
7.062169,0.2294332,0.2532984
7.066896,0.2301088,0.2532984
7.07152,0.2303388,0.2532984
7.075959,0.2303895,0.2532984
7.081313,0.2326974,0.2532984
7.08656,0.2329712,0.2532984
7.091086,0.2319456,0.2532984
7.095726,0.232599,0.2532984
7.100266,0.2328172,0.2532984
7.104943,0.2335197,0.2532984
7.109493,0.2336775,0.2532984
7.114097,0.2317552,0.249254
7.119693,0.2342704,0.249254
7.124139,0.2323829,0.249254
7.128764,0.2331789,0.249254
7.13339,0.2336176,0.249254
7.13834,0.2347383,0.249254
7.142969,0.234519,0.249254
7.147595,0.2349451,0.249254
7.152042,0.2349903,0.249254
7.156508,0.235443,0.249254
7.161094,0.236115,0.249254
7.165653,0.2364825,0.249254
7.170043,0.2365317,0.249254
7.174468,0.237007,0.249254
7.179104,0.2378778,0.249254
7.183869,0.242564,0.2437283
7.189443,0.2447809,0.2437283
7.193966,0.242931,0.2437283
7.198668,0.2437229,0.2437283
7.203185,0.2437223,0.2437283
7.207777,0.2442822,0.2437283
7.21237,0.2446865,0.2437283
7.217002,0.2451679,0.2437283
7.221843,0.2460436,0.2437283
7.226577,0.2462163,0.2437283
7.231195,0.2463539,0.2437283
7.235768,0.2466448,0.2437283
7.240292,0.2469196,0.2437283
7.24582,0.2496302,0.2437283
7.25027,0.2729464,0.2482854
7.256534,0.277802,0.2482854
7.261053,0.2740917,0.2482854
7.265688,0.2747995,0.2482854
7.270092,0.2746543,0.2482854
7.274559,0.2752196,0.2482854
7.27947,0.2767295,0.2482854
7.283875,0.2759177,0.2482854
7.2882,0.2761181,0.2482854
7.292779,0.2771469,0.2482854
7.297406,0.2776803,0.2482854
7.302156,0.2784082,0.2482854
7.306583,0.2780148,0.2482854
7.311092,0.2786171,0.2482854
7.315666,0.2683895,0.2512091
7.321312,0.2714462,0.2512091
7.325875,0.2691554,0.2512091
7.330541,0.2697721,0.2512091
7.335084,0.2698272,0.2512091
7.339614,0.2701433,0.2512091
7.344174,0.2705695,0.2512091
7.3488,0.2710855,0.2512091
7.35325,0.2709898,0.2512091
7.357677,0.2712707,0.2512091
7.362399,0.2723645,0.2512091
7.366964,0.272312,0.2512091
7.371443,0.2724349,0.2512091
7.382016,0.2675509,0.2486828
7.39148,0.2653888,0.2486828
7.400253,0.2642374,0.2486828
7.408412,0.2632291,0.2486828
7.416614,0.2638991,0.2486828
7.425358,0.2658843,0.2486828
7.434634,0.2678826,0.2486828
7.443514,0.2674297,0.2486828
7.467037,0.2869051,0.2522176
7.474081,0.2441543,0.2522176
7.48003,0.2417517,0.2522176
7.486021,0.2421626,0.2522176
7.491879,0.2421366,0.2522176
7.497787,0.242558,0.2522176
7.503407,0.2421215,0.2522176
7.509068,0.2425093,0.2522176
7.514827,0.2289659,0.251822
7.521554,0.2316695,0.251822
7.5263,0.2271041,0.251822
7.530853,0.2268685,0.251822
7.535253,0.2267219,0.251822
7.539703,0.227071,0.251822
7.544278,0.2276036,0.251822
7.548971,0.2281265,0.251822
7.553481,0.2279009,0.251822
7.557983,0.2281063,0.251822
7.562677,0.2288055,0.251822
7.5675,0.2293584,0.251822
7.572023,0.2288373,0.251822
7.576462,0.2288416,0.251822
7.581117,0.2723365,0.2611332
7.58656,0.2748433,0.2611332
7.590973,0.2724259,0.2611332
7.59548,0.2730143,0.2611332
7.599956,0.2732607,0.2611332
7.604481,0.2737267,0.2611332
7.608996,0.2740276,0.2611332
7.613572,0.2745257,0.2611332
7.618065,0.2746285,0.2611332
7.622516,0.274832,0.2611332
7.627073,0.2754454,0.2611332
7.631556,0.2755615,0.2611332
7.636018,0.2758186,0.2611332
7.640415,0.2759483,0.2611332
7.644866,0.2764081,0.2611332
7.649502,0.2775426,0.2626892
7.655026,0.280387,0.2626892
7.659593,0.2780384,0.2626892
7.664295,0.2787352,0.2626892
7.668966,0.2789645,0.2626892
7.67347,0.2787997,0.2626892
7.677967,0.2790793,0.2626892
7.682569,0.2796777,0.2626892
7.68709,0.2797493,0.2626892
7.691561,0.2798977,0.2626892
7.696063,0.2802777,0.2626892
7.701269,0.2826033,0.2626892
7.705761,0.2808636,0.2626892
7.710163,0.2808871,0.2626892
7.714821,0.2622833,0.2634043
7.720277,0.2647731,0.2634043
7.724737,0.262181,0.2634043
7.729208,0.2624184,0.2634043
7.734467,0.2648702,0.2634043
7.739893,0.2655882,0.2634043
7.744469,0.2633846,0.2634043
7.749075,0.2636724,0.2634043
7.753699,0.2639208,0.2634043
7.758228,0.2638482,0.2634043
7.762778,0.2640968,0.2634043
7.767495,0.2647692,0.2634043
7.772004,0.2643631,0.2634043
7.776468,0.2644189,0.2634043
7.781114,0.2612103,0.2639279
7.786695,0.2641013,0.2639279
7.791188,0.261185,0.2639279
7.795767,0.2616135,0.2639279
7.800359,0.2618318,0.2639279
7.804897,0.2618563,0.2639279
7.809361,0.2618161,0.2639279
7.813866,0.2621081,0.2639279
7.818397,0.2623518,0.2639279
7.822843,0.2622719,0.2639279
7.827484,0.2630033,0.2639279
7.832097,0.263089,0.2639279
7.836671,0.263143,0.2639279
7.841144,0.2630078,0.2639279
7.845695,0.263394,0.2639279
7.850384,0.2683193,0.2625455
7.855887,0.2708945,0.2625455
7.860358,0.2680472,0.2625455
7.864853,0.2682801,0.2625455
7.869397,0.268582,0.2625455
7.873803,0.2683358,0.2625455
7.878276,0.2686845,0.2625455
7.882797,0.2689787,0.2625455
7.888014,0.271192,0.2625455
7.892362,0.2687872,0.2625455
7.897004,0.2697982,0.2625455
7.901565,0.2697069,0.2625455
7.906021,0.2695372,0.2625455
7.910486,0.2697025,0.2625455
7.915062,0.2755585,0.2557178
7.920505,0.2783186,0.2557178
7.925021,0.2756959,0.2557178
7.929581,0.2759711,0.2557178
7.934088,0.275952,0.2557178
7.938589,0.2760705,0.2557178
7.943167,0.2764377,0.2557178
7.947806,0.2767566,0.2557178
7.95225,0.2762994,0.2557178
7.956666,0.2763403,0.2557178
7.961191,0.2767913,0.2557178
7.965864,0.2773613,0.2557178
7.970254,0.2766317,0.2557178
7.974846,0.2773571,0.2557178
7.979416,0.2774082,0.2557178
7.983958,0.269191,0.2554591
7.989393,0.2719815,0.2554591
7.993965,0.2695163,0.2554591
7.998763,0.2702965,0.2554591
8.003286,0.2695817,0.2554591
8.007773,0.2695721,0.2554591
8.012242,0.2696131,0.2554591
8.016999,0.2705685,0.2554591
8.021584,0.270147,0.2554591
8.02617,0.2702446,0.2554591
8.030684,0.2701126,0.2554591
8.035054,0.2697646,0.2554591
8.039406,0.2697909,0.2554591
8.043885,0.270248,0.2554591
8.048361,0.2961307,0.2605128
8.053659,0.2988004,0.2605128
8.058144,0.296301,0.2605128
8.062779,0.296836,0.2605128
8.067357,0.2967125,0.2605128
8.07191,0.2966903,0.2605128
8.076561,0.2970524,0.2605128
8.081179,0.2969972,0.2605128
8.085793,0.2970382,0.2605128
8.09032,0.2968015,0.2605128
8.094849,0.2968522,0.2605128
8.099488,0.2972392,0.2605128
8.104051,0.2970329,0.2605128
8.108564,0.2969115,0.2605128
8.113097,0.2970049,0.2605128
8.117663,0.3042238,0.2597808
8.123044,0.3068521,0.2597808
8.127683,0.3044913,0.2597808
8.13226,0.3043046,0.2597808
8.136779,0.3041264,0.2597808
8.141325,0.3042201,0.2597808
8.145964,0.3045174,0.2597808
8.15125,0.3065917,0.2597808
8.155671,0.3038191,0.2597808
8.160155,0.3040135,0.2597808
8.164662,0.3040799,0.2597808
8.169189,0.3041312,0.2597808
8.173659,0.3039329,0.2597808
8.178156,0.3040008,0.2597808
8.182693,0.2995798,0.2610498
8.18818,0.3025787,0.2610498
8.192792,0.2997604,0.2610498
8.197383,0.2996642,0.2610498
8.201964,0.2995977,0.2610498
8.206503,0.2994303,0.2610498
8.211058,0.2994401,0.2610498
8.215563,0.2992439,0.2610498
8.220102,0.2993117,0.2610498
8.224689,0.2994118,0.2610498
8.229286,0.2994,0.2610498
8.233891,0.2993701,0.2610498
8.238408,0.2990408,0.2610498
8.243003,0.2992281,0.2610498
8.247601,0.3190662,0.2590232
8.253067,0.3217928,0.2590232
8.257529,0.3184091,0.2590232
8.262194,0.3189663,0.2590232
8.266985,0.3192686,0.2590232
8.271534,0.3183714,0.2590232
8.276102,0.3183199,0.2590232
8.280781,0.3185663,0.2590232
8.285359,0.3181205,0.2590232
8.289865,0.3177659,0.2590232
8.294355,0.3175905,0.2590232
8.298976,0.3178901,0.2590232
8.303496,0.3174396,0.2590232
8.308035,0.3173653,0.2590232
8.313006,0.3186269,0.2590232
8.318124,0.3192195,0.2639305
8.323593,0.3201815,0.2639305
8.32892,0.319538,0.2639305
8.33437,0.319743,0.2639305
8.338822,0.3163496,0.2639305
8.343304,0.316279,0.2639305
8.34798,0.3167326,0.2639305
8.35235,0.3155854,0.2639305
8.356795,0.3156521,0.2639305
8.361279,0.3156006,0.2639305
8.365859,0.3157334,0.2639305
8.370499,0.3157376,0.2639305
8.375068,0.3153234,0.2639305
8.379771,0.3155594,0.2639305
8.384295,0.3184386,0.2647223
8.389709,0.3211624,0.2647223
8.394345,0.3184799,0.2647223
8.39887,0.3179666,0.2647223
8.403365,0.3177213,0.2647223
8.407837,0.3174915,0.2647223
8.412375,0.3175436,0.2647223
8.41697,0.3175638,0.2647223
8.421533,0.3172951,0.2647223
8.426068,0.3170387,0.2647223
8.4306,0.3168551,0.2647223
8.435195,0.3168836,0.2647223
8.439709,0.3164458,0.2647223
8.444263,0.3163977,0.2647223
8.449023,0.3005762,0.267029
8.454458,0.3024139,0.267029
8.459024,0.2994808,0.267029
8.463559,0.2991599,0.267029
8.468165,0.299143,0.267029
8.472627,0.2984666,0.267029
8.477059,0.298149,0.267029
8.481465,0.2978316,0.267029
8.485882,0.2976325,0.267029
8.490223,0.2971658,0.267029
8.494769,0.2975498,0.267029
8.499516,0.2979047,0.267029
8.504063,0.2970408,0.267029
8.508578,0.2966911,0.267029
8.513097,0.2964443,0.267029
8.517453,0.3078709,0.2690892
8.522831,0.3108386,0.2690892
8.527507,0.3084124,0.2690892
8.532198,0.3082384,0.2690892
8.536659,0.3073024,0.2690892
8.541099,0.3070212,0.2690892
8.545823,0.3076819,0.2690892
8.550466,0.3071949,0.2690892
8.555015,0.3066742,0.2690892
8.559575,0.3064827,0.2690892
8.564166,0.3063379,0.2690892
8.568682,0.3058747,0.2690892
8.573195,0.305628,0.2690892
8.577768,0.3055728,0.2690892
8.582401,0.2982992,0.2673925
8.587921,0.3007526,0.2673925
8.592373,0.2972214,0.2673925
8.596797,0.2968991,0.2673925
8.601363,0.2970895,0.2673925
8.605783,0.2963962,0.2673925
8.610305,0.2964633,0.2673925
8.614882,0.2963765,0.2673925
8.619467,0.2961417,0.2673925
8.623972,0.2956415,0.2673925
8.62856,0.2956302,0.2673925
8.633069,0.2951283,0.2673925
8.637897,0.2958174,0.2673925
8.642383,0.2945118,0.2673925
8.64687,0.2811059,0.262201
8.652413,0.2839106,0.262201
8.656783,0.2801594,0.262201
8.661256,0.280186,0.262201
8.665998,0.2806805,0.262201
8.670461,0.2795792,0.262201
8.674922,0.2792871,0.262201
8.679502,0.2793408,0.262201
8.684076,0.2790283,0.262201
8.688532,0.2783913,0.262201
8.693111,0.2784495,0.262201
8.697812,0.2784893,0.262201
8.702353,0.277721,0.262201
8.706829,0.2772306,0.262201
8.711262,0.2767992,0.262201
8.715663,0.2911036,0.2651943
8.721289,0.294413,0.2651943
8.72577,0.2906802,0.2651943
8.730261,0.2904094,0.2651943
8.734696,0.2899427,0.2651943
8.739105,0.2895627,0.2651943
8.743579,0.2894467,0.2651943
8.748301,0.28986,0.2651943
8.752758,0.2887654,0.2651943
8.757204,0.2884172,0.2651943
8.761699,0.2882421,0.2651943
8.766377,0.2884539,0.2651943
8.77121,0.2885612,0.2651943
8.775789,0.2874798,0.2651943
8.780266,0.2747647,0.2631405
8.785893,0.2775452,0.2631405
8.790357,0.2738575,0.2631405
8.794877,0.2736205,0.2631405
8.799492,0.2734814,0.2631405
8.804033,0.2728685,0.2631405
8.808698,0.2727991,0.2631405
8.813191,0.2719183,0.2631405
8.817648,0.271413,0.2631405
8.822122,0.2710518,0.2631405
8.826691,0.2709016,0.2631405
8.831177,0.2702603,0.2631405
8.835559,0.2695659,0.2631405
8.839987,0.2692839,0.2631405
8.84445,0.2689634,0.2631405
8.849,0.2765459,0.2610196
8.854471,0.2786153,0.2610196
8.858978,0.2755665,0.2610196
8.863458,0.2751022,0.2610196
8.868093,0.2751192,0.2610196
8.872567,0.2742837,0.2610196
8.876958,0.2736695,0.2610196
8.881485,0.2736314,0.2610196
8.886062,0.2733569,0.2610196
8.890548,0.2727084,0.2610196
8.895191,0.2727101,0.2610196
8.899914,0.2724942,0.2610196
8.904489,0.2716782,0.2610196
8.909733,0.2729897,0.2610196
8.914979,0.2886062,0.2620261
8.920492,0.2887885,0.2620261
8.924994,0.285509,0.2620261
8.929665,0.2854977,0.2620261
8.934407,0.2852034,0.2620261
8.939082,0.284528,0.2620261
8.943666,0.2837973,0.2620261
8.948193,0.2831676,0.2620261
8.952656,0.2825214,0.2620261
8.957103,0.2820047,0.2620261
8.961587,0.2816262,0.2620261
8.96617,0.2814066,0.2620261
8.97139,0.2825716,0.2620261
8.976893,0.2827495,0.2620261
8.981465,0.2804513,0.2633123
8.987097,0.2826725,0.2633123
8.991656,0.2793157,0.2633123
8.996469,0.2794598,0.2633123
9.00106,0.2783658,0.2633123
9.00546,0.2773747,0.2633123
9.010064,0.2774009,0.2633123
9.014812,0.2772467,0.2633123
9.019253,0.2759476,0.2633123
9.023792,0.2756917,0.2633123
9.028392,0.2753313,0.2633123
9.033068,0.2749955,0.2633123
9.037856,0.2747435,0.2633123
9.042411,0.273621,0.2633123
9.046961,0.2737513,0.2603294
9.052335,0.2753522,0.2603294
9.056818,0.2726066,0.2603294
9.061365,0.2723179,0.2603294
9.066083,0.2722801,0.2603294
9.071598,0.273767,0.2603294
9.076166,0.2708872,0.2603294
9.080791,0.2705593,0.2603294
9.085392,0.2700339,0.2603294
9.089927,0.2693982,0.2603294
9.09435,0.2686622,0.2603294
9.099,0.2687513,0.2603294
9.103555,0.2680408,0.2603294
9.10812,0.2675938,0.2603294
9.112814,0.2674199,0.2603294
9.11749,0.2727385,0.2635937
9.122911,0.2738964,0.2635937
9.127475,0.2712138,0.2635937
9.132059,0.2706851,0.2635937
9.136592,0.2699834,0.2635937
9.14109,0.2693288,0.2635937
9.145773,0.2691759,0.2635937
9.150284,0.2681849,0.2635937
9.15489,0.2678219,0.2635937
9.159355,0.2669083,0.2635937
9.163916,0.2665481,0.2635937
9.168573,0.2661753,0.2635937
9.173019,0.2650973,0.2635937
9.177607,0.2648315,0.2635937
9.182167,0.2776596,0.2651455
9.188004,0.2799308,0.2651455
9.192464,0.275961,0.2651455
9.196971,0.2754277,0.2651455
9.201584,0.2750192,0.2651455
9.206222,0.2744094,0.2651455
9.210762,0.2735218,0.2651455
9.215397,0.273074,0.2651455
9.219858,0.272016,0.2651455
9.224366,0.271472,0.2651455
9.230004,0.2733029,0.2651455
9.234557,0.2701012,0.2651455
9.239014,0.2692218,0.2651455
9.243497,0.2686259,0.2651455
9.248075,0.2522697,0.2671939
9.253455,0.2533321,0.2671939
9.258041,0.2509519,0.2671939
9.262675,0.2504304,0.2671939
9.267163,0.2495011,0.2671939
9.271708,0.249005,0.2671939
9.276164,0.2482067,0.2671939
9.280787,0.2479333,0.2671939
9.285293,0.2470644,0.2671939
9.289765,0.2463795,0.2671939
9.294157,0.2456015,0.2671939
9.298706,0.2453088,0.2671939
9.303263,0.2446954,0.2671939
9.307784,0.2439934,0.2671939
9.312403,0.2435594,0.2671939
9.317075,0.2372054,0.2676994
9.322516,0.2381458,0.2676994
9.327067,0.2357796,0.2676994
9.331556,0.2351185,0.2676994
9.335977,0.2344526,0.2676994
9.341161,0.2353755,0.2676994
9.345679,0.2334933,0.2676994
9.35029,0.2331257,0.2676994
9.354807,0.2323928,0.2676994
9.359272,0.2317517,0.2676994
9.363821,0.2313664,0.2676994
9.368361,0.2307984,0.2676994
9.372916,0.2302758,0.2676994
9.377398,0.2295883,0.2676994
9.381856,0.2132064,0.2685679
9.388049,0.215658,0.2685679
9.392678,0.2122728,0.2685679
9.397382,0.2118566,0.2685679
9.401882,0.2109648,0.2685679
9.406356,0.2103928,0.2685679
9.410868,0.2099295,0.2685679
9.415395,0.209423,0.2685679
9.419971,0.2089687,0.2685679
9.424531,0.2084005,0.2685679
9.42924,0.2081032,0.2685679
9.433973,0.2075798,0.2685679
9.43842,0.2065647,0.2685679
9.442903,0.2060902,0.2685679
9.447484,0.2054858,0.2721773
9.452993,0.2064503,0.2721773
9.457557,0.2042421,0.2721773
9.462093,0.2036431,0.2721773
9.466685,0.2031769,0.2721773
9.471198,0.2024928,0.2721773
9.475667,0.2018693,0.2721773
9.480299,0.2015806,0.2721773
9.484857,0.2008956,0.2721773
9.489357,0.2002469,0.2721773
9.493891,0.1997466,0.2721773
9.498463,0.1992464,0.2721773
9.503461,0.1993351,0.2721773
9.509024,0.1995816,0.2721773
9.513772,0.2013284,0.2723868
9.519197,0.2018684,0.2723868
9.523684,0.1998784,0.2723868
9.528377,0.1997194,0.2723868
9.532993,0.1991123,0.2723868
9.53787,0.1990157,0.2723868
9.54236,0.1979308,0.2723868
9.546897,0.197528,0.2723868
9.551572,0.1972512,0.2723868
9.556062,0.1964891,0.2723868
9.560591,0.1960718,0.2723868
9.565276,0.1958141,0.2723868
9.569767,0.195043,0.2723868
9.574319,0.1946522,0.2723868
9.57887,0.1941673,0.2723868
9.583574,0.2103032,0.2778695
9.589168,0.211032,0.2778695
9.593654,0.208659,0.2778695
9.598171,0.208125,0.2778695
9.60279,0.2076879,0.2778695
9.607277,0.2068993,0.2778695
9.611766,0.2063174,0.2778695
9.61632,0.2058291,0.2778695
9.621286,0.2058233,0.2778695
9.625867,0.2046313,0.2778695
9.630419,0.2039929,0.2778695
9.634957,0.2033818,0.2778695
9.639568,0.202888,0.2778695
9.644192,0.2023033,0.2778695
9.648875,0.1955692,0.275041
9.6544,0.1961318,0.275041
9.659094,0.1943163,0.275041
9.663672,0.1935728,0.275041
9.668391,0.1931837,0.275041
9.672863,0.1922667,0.275041
9.677465,0.191874,0.275041
9.6821,0.1913377,0.275041
9.686559,0.1905274,0.275041
9.690903,0.1898206,0.275041
9.695502,0.189594,0.275041
9.700165,0.1890944,0.275041
9.704779,0.1884449,0.275041
9.709392,0.1878599,0.275041
9.713861,0.2117815,0.2807933
9.719254,0.2123429,0.2807933
9.723737,0.210273,0.2807933
9.728355,0.2097541,0.2807933
9.73298,0.2090416,0.2807933
9.737868,0.2086667,0.2807933
9.74226,0.2072543,0.2807933
9.746872,0.2068539,0.2807933
9.751495,0.2061463,0.2807933
9.755991,0.2052604,0.2807933
9.760563,0.2046532,0.2807933
9.765101,0.2038954,0.2807933
9.769594,0.2031285,0.2807933
9.774037,0.2023634,0.2807933
9.778584,0.2017949,0.2807933
9.783182,0.1931062,0.282784
9.788681,0.1933914,0.282784
9.793179,0.1913204,0.282784
9.797776,0.1906845,0.282784
9.802283,0.1898159,0.282784
9.806741,0.1890101,0.282784
9.81126,0.1883351,0.282784
9.815792,0.1875961,0.282784
9.820266,0.1867789,0.282784
9.824692,0.1859822,0.282784
9.829493,0.1856447,0.282784
9.833965,0.1844999,0.282784
9.838495,0.1838142,0.282784
9.843001,0.1830376,0.282784
9.847869,0.1788004,0.2794559
9.853391,0.1787317,0.2794559
9.857906,0.1768258,0.2794559
9.862588,0.1762904,0.2794559
9.867296,0.1755892,0.2794559
9.871754,0.1746031,0.2794559
9.876372,0.1740701,0.2794559
9.880929,0.173289,0.2794559
9.885354,0.1724535,0.2794559
9.889767,0.1717514,0.2794559
9.894403,0.1712784,0.2794559
9.89907,0.1705866,0.2794559
9.903546,0.1696837,0.2794559
9.908027,0.1689922,0.2794559
9.912477,0.1682685,0.2794559
9.917164,0.1707824,0.2853193
9.922627,0.1707714,0.2853193
9.927176,0.1690996,0.2853193
9.931551,0.1682462,0.2853193
9.935987,0.1676239,0.2853193
9.940499,0.1670053,0.2853193
9.945065,0.1663564,0.2853193
9.949599,0.1656269,0.2853193
9.954228,0.1650086,0.2853193
9.958899,0.1643298,0.2853193
9.963503,0.1635586,0.2853193
9.968161,0.1628949,0.2853193
9.972676,0.1620656,0.2853193
9.977298,0.1614562,0.2853193
9.981975,0.1507682,0.2831924
9.988126,0.1512487,0.2831924
9.992663,0.1492778,0.2831924
9.997269,0.1487339,0.2831924
10.00178,0.1480682,0.2831924
10.00622,0.1474379,0.2831924
10.01067,0.1468682,0.2831924
10.0152,0.1463403,0.2831924
10.01955,0.1456358,0.2831924
10.0241,0.1451993,0.2831924
10.02883,0.144725,0.2831924
10.03326,0.1439271,0.2831924
10.03779,0.14342,0.2831924
10.04231,0.1428202,0.2831924
10.04687,0.1523659,0.2782415
10.05238,0.152314,0.2782415
10.05688,0.1510143,0.2782415
10.06147,0.1504688,0.2782415
10.06631,0.1500034,0.2782415
10.07121,0.1493937,0.2782415
10.07581,0.1485999,0.2782415
10.08042,0.1480014,0.2782415
10.08495,0.1473559,0.2782415
10.08941,0.1467273,0.2782415
10.09401,0.1462069,0.2782415
10.09927,0.1459271,0.2782415
10.10454,0.1452455,0.2782415
10.10918,0.1442731,0.2782415
10.11371,0.1453058,0.2771711
10.11929,0.1450483,0.2771711
10.12384,0.1437686,0.2771711
10.12867,0.1431742,0.2771711
10.13331,0.1423551,0.2771711
10.13786,0.1416126,0.2771711
10.14248,0.1409383,0.2771711
10.147,0.1401958,0.2771711
10.15146,0.1394847,0.2771711
10.15587,0.1387887,0.2771711
10.16051,0.1381896,0.2771711
10.16508,0.1374614,0.2771711
10.16967,0.136777,0.2771711
10.17414,0.1360426,0.2771711
10.17887,0.1354427,0.2771711
10.18358,0.12989,0.2794257
10.18911,0.1295545,0.2794257
10.19366,0.1285392,0.2794257
10.19827,0.1279769,0.2794257
10.20278,0.1273579,0.2794257
10.2073,0.1267876,0.2794257
10.21186,0.1262226,0.2794257
10.2165,0.1256618,0.2794257
10.22114,0.1250745,0.2794257
10.22565,0.1244564,0.2794257
10.23024,0.1239035,0.2794257
10.23476,0.1233071,0.2794257
10.23918,0.1227196,0.2794257
10.2437,0.1221825,0.2794257
10.24817,0.1350256,0.2782928
10.25366,0.1346845,0.2782928
10.25827,0.1338759,0.2782928
10.26275,0.1333124,0.2782928
10.26726,0.1327849,0.2782928
10.27177,0.1322527,0.2782928
10.27626,0.1317181,0.2782928
10.28087,0.1312037,0.2782928
10.28539,0.1306535,0.2782928
10.28982,0.1301128,0.2782928
10.29437,0.1296044,0.2782928
10.29889,0.1290699,0.2782928
10.30324,0.1285303,0.2782928
10.30763,0.1280267,0.2782928
10.31219,0.127524,0.2782928
10.31687,0.117123,0.2798519
10.32245,0.1163678,0.2798519
10.32707,0.1156501,0.2798519
10.33157,0.1149949,0.2798519
10.33599,0.1143571,0.2798519
10.34059,0.1136982,0.2798519
10.3456,0.1129841,0.2798519
10.35128,0.112179,0.2798519
10.35599,0.1115139,0.2798519
10.36057,0.1108683,0.2798519
10.36509,0.1102315,0.2798519
10.37059,0.1094212,0.2798519
10.37518,0.1088182,0.2798519
10.37986,0.1081586,0.2798519
10.38449,0.1066612,0.2819347
10.39,0.1059862,0.2819347
10.39467,0.1054219,0.2819347
10.39937,0.104847,0.2819347
10.40389,0.1043041,0.2819347
10.40846,0.1037477,0.2819347
10.41308,0.1031851,0.2819347
10.41769,0.1026304,0.2819347
10.42204,0.1021266,0.2819347
10.42667,0.1015485,0.2819347
10.43119,0.1010187,0.2819347
10.43565,0.1004919,0.2819347
10.44083,0.09980565,0.2819347
10.4454,0.09933104,0.2819347
10.45007,0.1006138,0.2810598
10.4556,0.09975103,0.2810598
10.46007,0.09938489,0.2810598
10.46468,0.09877259,0.2810598
10.46919,0.09822747,0.2810598
10.47361,0.09769049,0.2810598
10.47817,0.09708375,0.2810598
10.48279,0.09649643,0.2810598
10.48735,0.09594367,0.2810598
10.49177,0.09543016,0.2810598
10.49629,0.09484698,0.2810598
10.50106,0.09419433,0.2810598
10.5057,0.09366059,0.2810598
10.51029,0.09311683,0.2810598
10.51488,0.09635673,0.2861215
10.5204,0.09548438,0.2861215
10.525,0.09518691,0.2861215
10.52957,0.09467092,0.2861215
10.5342,0.09411694,0.2861215
10.53878,0.09360747,0.2861215
10.54338,0.09307916,0.2861215
10.54799,0.09254785,0.2861215
10.55255,0.09205107,0.2861215
10.557,0.09158129,0.2861215
10.5616,0.09101863,0.2861215
10.56628,0.09046361,0.2861215
10.5712,0.08983082,0.2861215
10.57571,0.08947945,0.2861215
10.58028,0.07836536,0.2960072
10.58589,0.07731983,0.2960072
10.59041,0.07729977,0.2960072
10.59507,0.07674038,0.2960072
10.59987,0.07616205,0.2960072
10.60507,0.0754341,0.2960072
10.61414,0.07283726,0.2960072
10.61887,0.07426238,0.2960072
10.62347,0.07384768,0.2960072
10.62846,0.07314293,0.2960072
10.63379,0.0724284,0.2960072
10.6385,0.07226062,0.2960072
10.64306,0.07187479,0.2960072
10.64756,0.07133929,0.2924548
10.65299,0.07039313,0.2924548
10.65749,0.07049273,0.2924548
10.66218,0.06998347,0.2924548
10.66689,0.06958236,0.2924548
10.67232,0.06872766,0.2924548
10.67689,0.06881423,0.2924548
10.68157,0.06836507,0.2924548
10.68617,0.06802948,0.2924548
10.69065,0.06771955,0.2924548
10.69526,0.06727224,0.2924548
10.70126,0.06597564,0.2924548
10.70632,0.06611344,0.2924548
10.71086,0.06605572,0.2924548
10.716,0.06893808,0.2869927
10.72176,0.06807445,0.2869927
10.72631,0.06862438,0.2869927
10.73116,0.06806035,0.2869927
10.73545,0.06817121,0.2869927
10.73976,0.06784838,0.2869927
10.74417,0.06747203,0.2869927
10.74877,0.06699373,0.2869927
10.75329,0.06675113,0.2869927
10.75768,0.06653915,0.2869927
10.76247,0.06590732,0.2869927
10.76699,0.06581092,0.2869927
10.77172,0.06532383,0.2869927
10.77636,0.06507698,0.2869927
10.78683,0.0621812,0.2795655
10.79664,0.06195001,0.2795655
10.80491,0.06246315,0.2795655
10.81297,0.06206387,0.2795655
10.82122,0.06137156,0.2795655
10.8303,0.06015412,0.2795655
10.83923,0.05967376,0.2795655
10.84827,0.06279249,0.2796221
10.87446,0.04939045,0.2796221
10.88043,0.06401781,0.2796221
10.88621,0.06384795,0.2796221
10.8919,0.06358136,0.2796221
10.89762,0.06321762,0.2796221
10.90318,0.06304652,0.2796221
10.90903,0.06242253,0.2796221
10.91489,0.05797274,0.2753859
10.92168,0.05672263,0.2753859
10.92669,0.05796495,0.2753859
10.93126,0.0580553,0.2753859
10.9358,0.05779637,0.2753859
10.94036,0.05749156,0.2753859
10.94487,0.05725392,0.2753859
10.94961,0.05674539,0.2753859
10.95409,0.05670829,0.2753859
10.95879,0.05622393,0.2753859
10.96364,0.05577617,0.2753859
10.96827,0.05571811,0.2753859
10.97282,0.05551616,0.2753859
10.97737,0.05524396,0.2753859
10.98198,0.04879749,0.2767512
10.98737,0.04775424,0.2767512
10.99187,0.04826742,0.2767512
10.99641,0.04794328,0.2767512
11.00098,0.04763212,0.2767512
11.00542,0.04748455,0.2767512
11.01007,0.04700385,0.2767512
11.01459,0.04685678,0.2767512
11.01906,0.04663856,0.2767512
11.02352,0.04639299,0.2767512
11.0281,0.04601339,0.2767512
11.03287,0.04556395,0.2767512
11.03788,0.04506267,0.2767512
11.0424,0.04526899,0.2767512
11.04699,0.05094799,0.2733342
11.05236,0.04986727,0.2733342
11.0569,0.0505584,0.2733342
11.06136,0.05044738,0.2733342
11.06596,0.05009426,0.2733342
11.07049,0.04997757,0.2733342
11.07498,0.04982745,0.2733342
11.07946,0.04965826,0.2733342
11.08409,0.04929847,0.2733342
11.08856,0.04929753,0.2733342
11.09327,0.04884532,0.2733342
11.098,0.04864084,0.2733342
11.10245,0.04877684,0.2733342
11.10692,0.04859262,0.2733342
11.1116,0.04817352,0.2733342
11.11625,0.04805299,0.2734743
11.12168,0.04697967,0.2734743
11.12626,0.04780982,0.2734743
11.13088,0.04760509,0.2734743
11.1357,0.04721127,0.2734743
11.14026,0.04738151,0.2734743
11.14491,0.04714132,0.2734743
11.14963,0.04691297,0.2734743
11.15413,0.04703464,0.2734743
11.15866,0.04688071,0.2734743
11.16319,0.04675825,0.2734743
11.16776,0.04659072,0.2734743
11.17233,0.04645997,0.2734743
11.17689,0.04636078,0.2734743
11.18146,0.05303833,0.2742298
11.18699,0.0517001,0.2742298
11.19156,0.05286946,0.2742298
11.19609,0.05282249,0.2742298
11.20125,0.05194206,0.2742298
11.20566,0.05284573,0.2742298
11.21016,0.05265862,0.2742298
11.21481,0.05239619,0.2742298
11.21936,0.0524648,0.2742298
11.22383,0.05251095,0.2742298
11.22849,0.0521953,0.2742298
11.23306,0.05227529,0.2742298
11.23782,0.05196622,0.2742298
11.24238,0.05217053,0.2742298
11.24688,0.04511416,0.2749707
11.25258,0.04361279,0.2749707
11.25713,0.04495897,0.2749707
11.26165,0.04495049,0.2749707
11.26629,0.04476913,0.2749707
11.27119,0.0444282,0.2749707
11.27566,0.04491317,0.2749707
11.28031,0.04466641,0.2749707
11.28486,0.04476589,0.2749707
11.28934,0.04482049,0.2749707
11.294,0.04458536,0.2749707
11.29857,0.0446855,0.2749707
11.30298,0.04486055,0.2749707
11.30749,0.04472565,0.2749707
11.31206,0.04463675,0.2749707
11.31667,0.03636237,0.2735032
11.32214,0.03542651,0.2735032
11.32677,0.03634012,0.2735032
11.33126,0.03651444,0.2735032
11.3358,0.03646358,0.2735032
11.34022,0.0366079,0.2735032
11.34466,0.0366041,0.2735032
11.34932,0.03636848,0.2735032
11.35375,0.03665331,0.2735032
11.35819,0.03665665,0.2735032
11.3637,0.03550349,0.2735032
11.36907,0.0357002,0.2735032
11.37351,0.03674619,0.2735032
11.37799,0.0367354,0.2735032
11.3831,0.03302417,0.2779014
11.3889,0.03231899,0.2779014
11.39347,0.03362589,0.2779014
11.39807,0.03361208,0.2779014
11.4027,0.03361452,0.2779014
11.40728,0.03369276,0.2779014
11.41197,0.03360622,0.2779014
11.41648,0.03381772,0.2779014
11.42114,0.03370449,0.2779014
11.42567,0.03387125,0.2779014
11.4302,0.03391435,0.2779014
11.43477,0.03391459,0.2779014
11.43919,0.0341066,0.2779014
11.4437,0.03406958,0.2779014
11.44837,0.03433065,0.2771688
11.45393,0.03345142,0.2771688
11.4585,0.0345552,0.2771688
11.46317,0.03449456,0.2771688
11.46791,0.03448165,0.2771688
11.47252,0.03467515,0.2771688
11.47706,0.03480552,0.2771688
11.48181,0.03464977,0.2771688
11.48637,0.03492019,0.2771688
11.4908,0.03512612,0.2771688
11.4955,0.03490497,0.2771688
11.50005,0.0351485,0.2771688
11.50443,0.03540258,0.2771688
11.50911,0.03515982,0.2771688
11.51367,0.03894886,0.2774718
11.51919,0.03804175,0.2774718
11.52369,0.03926771,0.2774718
11.52827,0.03929641,0.2774718
11.53279,0.0394933,0.2774718
11.53714,0.03979833,0.2774718
11.54166,0.03974896,0.2774718
11.54642,0.03962717,0.2774718
11.55105,0.03990584,0.2774718
11.55547,0.04026622,0.2774718
11.5601,0.04018987,0.2774718
11.56497,0.04008353,0.2774718
11.56978,0.04031126,0.2774718
11.57476,0.04029578,0.2774718
11.57978,0.04042183,0.2774718
11.58456,0.03751688,0.2767738
11.59008,0.0370249,0.2767738
11.59499,0.03780226,0.2767738
11.60014,0.0377844,0.2767738
11.60538,0.03791933,0.2767738
11.61082,0.03796107,0.2767738
11.62256,0.03294717,0.2767738
11.62808,0.03859178,0.2767738
11.64061,0.03313846,0.2767738
11.64618,0.03931375,0.2767738
11.65715,0.03495061,0.2746691
11.66358,0.03932695,0.2746691
11.67398,0.03602744,0.2746691
11.67908,0.04109907,0.2746691
11.69083,0.03545861,0.2746691
11.69578,0.04176652,0.2746691
11.70711,0.0364171,0.2746691
11.71197,0.04239139,0.2746691
11.72414,0.04330144,0.2755383
11.73066,0.04880399,0.2755383
11.74064,0.04604696,0.2755383
11.74556,0.05103816,0.2755383
11.75721,0.04541413,0.2755383
11.76325,0.05078401,0.2755383
11.77465,0.046541,0.2755383
11.7819,0.04965577,0.2750632
11.79326,0.04662845,0.2750632
11.81546,0.03972147,0.2750632
11.8248,0.0498823,0.2750632
11.83107,0.05292677,0.2750632
11.83775,0.05296072,0.2750632
11.84484,0.05302006,0.2750632
11.85039,0.05115605,0.2755547
11.85676,0.05072477,0.2755547
11.8619,0.05210568,0.2755547
11.86754,0.05192794,0.2755547
11.87326,0.05215461,0.2755547
11.87842,0.05292661,0.2755547
11.88357,0.05319921,0.2755547
11.88827,0.05385575,0.2755547
11.89279,0.0542608,0.2755547
11.89811,0.0538259,0.2755547
11.90374,0.05386148,0.2755547
11.90981,0.05381355,0.2755547
11.91623,0.06105968,0.278983
11.9232,0.06103709,0.278983
11.92881,0.06255593,0.278983
11.93368,0.06351039,0.278983
11.93834,0.06399865,0.278983
11.9431,0.06422864,0.278983
11.94787,0.06453665,0.278983
11.95308,0.06451906,0.278983
11.96079,0.06301644,0.278983
11.97386,0.05998258,0.278983
11.97887,0.06629235,0.278983
11.99091,0.07155047,0.2770347
11.99679,0.07693628,0.2770347
12.00806,0.07353875,0.2770347
12.01447,0.077838,0.2770347
12.02488,0.07559679,0.2770347
12.03051,0.07972357,0.2770347
12.04092,0.07696611,0.2770347
12.04595,0.08142187,0.2770347
12.05748,0.08188331,0.2805425
12.06352,0.08570631,0.2805425
12.07434,0.08394379,0.2805425
12.07928,0.08784148,0.2805425
12.09081,0.08523185,0.2805425
12.09568,0.08937772,0.2805425
12.10749,0.08680754,0.2805425
12.11227,0.09095197,0.2805425
12.12415,0.07637694,0.2795717
12.12988,0.07990831,0.2795717
12.14083,0.07822416,0.2795717
12.14557,0.08164798,0.2795717
12.15745,0.07926968,0.2795717
12.16217,0.08292256,0.2795717
12.17428,0.08066028,0.2795717
12.17898,0.08422546,0.2795717
12.19089,0.08368838,0.2796594
12.19657,0.08656804,0.2796594
12.20901,0.08509762,0.2796594
12.21532,0.08776011,0.2796594
12.2244,0.0875204,0.2796594
12.22919,0.08948354,0.2796594
12.2409,0.08819232,0.2796594
12.24558,0.09079815,0.2796594
12.258,0.0955984,0.2767621
12.2638,0.09775741,0.2767621
12.27413,0.09768569,0.2767621
12.27877,0.09950519,0.2767621
12.29099,0.09913329,0.2767621
12.29568,0.1010489,0.2767621
12.30759,0.1009378,0.2767621
12.31217,0.1026143,0.2767621
12.32429,0.1045379,0.2752146
12.32999,0.1065337,0.2752146
12.34094,0.1066802,0.2752146
12.34569,0.1084465,0.2752146
12.35781,0.1085249,0.2752146
12.36237,0.1102403,0.2752146
12.37437,0.1105205,0.2752146
12.37897,0.1119941,0.2752146
12.39099,0.1139622,0.2776952
12.39668,0.1155769,0.2776952
12.40779,0.1161286,0.2776952
12.41258,0.1175291,0.2776952
12.42435,0.1181504,0.2776952
12.42898,0.1193818,0.2776952
12.44103,0.1202444,0.2776952
12.44566,0.1212443,0.2776952
12.45759,0.1124196,0.2765225
12.46327,0.1127826,0.2765225
12.47394,0.1141644,0.2765225
12.47835,0.1143276,0.2765225
12.49086,0.1163239,0.2765225
12.49547,0.1160339,0.2765225
12.50721,0.1180852,0.2765225
12.51177,0.1176842,0.2765225
12.52415,0.1123507,0.2769591
12.52981,0.1112499,0.2769591
12.54089,0.1140639,0.2769591
12.54537,0.1127831,0.2769591
12.55743,0.1165133,0.2769591
12.56199,0.1146952,0.2769591
12.57419,0.1187266,0.2769591
12.57867,0.1165769,0.2769591
12.59085,0.1356788,0.2732572
12.59658,0.1335694,0.2732572
12.60767,0.1372922,0.2732572
12.61238,0.1349774,0.2732572
12.62425,0.1398075,0.2732572
12.62889,0.1368165,0.2732572
12.64104,0.1421213,0.2732572
12.6457,0.138721,0.2732572
12.65776,0.1436018,0.2719515
12.66338,0.1414689,0.2719515
12.6744,0.1454059,0.2719515
12.67898,0.1430328,0.2719515
12.69113,0.1483677,0.2719515
12.69557,0.1450412,0.2719515
12.70792,0.1508621,0.2719515
12.71247,0.1472035,0.2719515
12.72456,0.1618338,0.2690997
12.73007,0.1581317,0.2690997
12.74126,0.163378,0.2690997
12.74588,0.1594201,0.2690997
12.75783,0.1661354,0.2690997
12.76236,0.161268,0.2690997
12.77451,0.1684836,0.2690997
12.7792,0.1633158,0.2690997
12.79112,0.1775599,0.268593
12.79677,0.172321,0.268593
12.80806,0.1790545,0.268593
12.81298,0.1734801,0.268593
12.82427,0.1810973,0.268593
12.82907,0.1751641,0.268593
12.84155,0.1845471,0.268593
12.84627,0.1769568,0.268593
12.85776,0.1847825,0.2683951
12.86348,0.179211,0.2683951
12.87452,0.186063,0.2683951
12.87908,0.1794701,0.2683951
12.89079,0.1885775,0.2683951
12.89539,0.1810019,0.2683951
12.90751,0.1908635,0.2683951
12.91207,0.1824505,0.2683951
12.9245,0.1977235,0.2666401
12.93018,0.1908627,0.2666401
12.94086,0.1976821,0.2666401
12.94549,0.1913788,0.2666401
12.95779,0.2016886,0.2666401
12.96237,0.1930851,0.2666401
12.97451,0.203506,0.2666401
12.97909,0.194828,0.2666401
12.99127,0.1900154,0.2607623
12.99691,0.1838282,0.2607623
13.00771,0.1908666,0.2607623
13.01228,0.1847607,0.2607623
13.02456,0.1950242,0.2607623
13.02917,0.1869836,0.2607623
13.04103,0.1969334,0.2607623
13.04587,0.1893979,0.2607623
13.05785,0.1957234,0.2584473
13.0635,0.1888092,0.2584473
13.07461,0.1970478,0.2584473
13.07927,0.1897267,0.2584473
13.09109,0.2003735,0.2584473
13.09589,0.1920406,0.2584473
13.10793,0.2031163,0.2584473
13.11836,0.2106407,0.2570954
13.12536,0.2069344,0.2570954
13.13044,0.205086,0.2570954
13.14123,0.2142855,0.2570954
13.14601,0.2065887,0.2570954
13.15765,0.2177299,0.2570954
13.16243,0.2085743,0.2570954
13.17417,0.2201093,0.2570954
13.17887,0.2104258,0.2570954
13.19091,0.2202196,0.2586764
13.19666,0.2115802,0.2586764
13.2077,0.2209982,0.2586764
13.21833,0.2217671,0.2586764
